<?xml version="1.0" encoding="UTF-8" standalone="no"?>
<!--Created using Glyph Designer - http://www.71squared.com/glyphdesigner-->
<font>
    <info face="Dosis" size="44" bold="1" italic="0" chasrset="" unicode="0" stretchH="100" smooth="1" aa="1" padding="0,0,0,0" spacing="2,2"/>
    <common lineHeight="56" base="45" scaleW="128" scaleH="128" pages="1" packed="0"/>
    <pages>
        <page id="0" file="dosis_44.png"/>
    </pages>
    <chars count="12">
        <char id="32" x="41" y="83" width="0" height="0" xoffset="0" yoffset="48" xadvance="9" page="0" chnl="0" letter="space"/>
        <char id="37" x="2" y="2" width="35" height="40" xoffset="1" yoffset="10" xadvance="35" page="0" chnl="0" letter="%"/>
        <char id="48" x="66" y="2" width="23" height="37" xoffset="2" yoffset="11" xadvance="25" page="0" chnl="0" letter="0"/>
        <char id="49" x="26" y="83" width="13" height="37" xoffset="0" yoffset="11" xadvance="13" page="0" chnl="0" letter="1"/>
        <char id="50" x="2" y="83" width="22" height="37" xoffset="1" yoffset="11" xadvance="22" page="0" chnl="0" letter="2"/>
        <char id="51" x="91" y="2" width="23" height="37" xoffset="1" yoffset="11" xadvance="23" page="0" chnl="0" letter="3"/>
        <char id="52" x="39" y="2" width="25" height="37" xoffset="-0" yoffset="11" xadvance="22" page="0" chnl="0" letter="4"/>
        <char id="53" x="2" y="44" width="23" height="37" xoffset="1" yoffset="11" xadvance="22" page="0" chnl="0" letter="5"/>
        <char id="54" x="27" y="44" width="23" height="37" xoffset="2" yoffset="11" xadvance="24" page="0" chnl="0" letter="6"/>
        <char id="55" x="52" y="44" width="23" height="37" xoffset="1" yoffset="11" xadvance="22" page="0" chnl="0" letter="7"/>
        <char id="56" x="77" y="44" width="23" height="37" xoffset="1" yoffset="11" xadvance="23" page="0" chnl="0" letter="8"/>
        <char id="57" x="102" y="44" width="23" height="37" xoffset="1" yoffset="11" xadvance="24" page="0" chnl="0" letter="9"/>
    </chars>
    <kernings count="6">
        <kerning first="50" second="52" amount="-1"/>
        <kerning first="52" second="49" amount="-1"/>
        <kerning first="52" second="52" amount="1"/>
        <kerning first="52" second="55" amount="-2"/>
        <kerning first="55" second="49" amount="1"/>
        <kerning first="55" second="52" amount="-2"/>
    </kernings>
</font>