{"mc":{
	"hurt":{
		"frameRate":4,
		"frames":[
			
			{
			"res":"1C67CD8B",
			"x":1,
			"y":1
			},
			{
			"res":"4AF54495",
			"x":0,
			"y":2
			}
			]
},"hurt_poison":{
		"frameRate":4,
		"frames":[
			
			{
			"res":"F02B6745",
			"x":392,
			"y":318
			},
			{
			"res":"3C37328E",
			"x":391,
			"y":319
			}
			]
},"run":{
		"frameRate":12,
		"frames":[
			
			{
			"res":"6EB8C3FC",
			"x":9,
			"y":1
			},
			{
			"res":"2D236F08",
			"x":2,
			"y":2
			},
			{
			"res":"1D2F3AB4",
			"x":2,
			"y":2
			},
			{
			"res":"C425A551",
			"x":2,
			"y":1
			},
			{
			"res":"8084B68E",
			"x":2,
			"y":1
			},
			{
			"res":"C8E05982",
			"x":-2,
			"y":1
			}
			]
},"dead":{
		"frameRate":12,
		"frames":[
			
			{
			"res":"1C67CD8B",
			"x":1,
			"y":53
			},
			{
			"res":"4AF54495",
			"x":0,
			"y":54
			},
			{
			"res":"DA31C0AA",
			"x":50,
			"y":7
			},
			{
			"res":"972FFC21",
			"x":56,
			"y":0
			},
			{
			"res":"4A43A63D",
			"x":56,
			"y":70,
			"duration":3
			}
			]
}},
	"res":{
		"1C67CD8B":{"x":320,"y":189,"w":118,"h":93},
		"4AF54495":{"x":198,"y":1,"w":120,"h":92},
		"F02B6745":{"x":320,"y":94,"w":118,"h":93},
		"3C37328E":{"x":120,"y":125,"w":120,"h":92},
		"6EB8C3FC":{"x":1,"y":320,"w":110,"h":93},
		"2D236F08":{"x":123,"y":314,"w":117,"h":92},
		"1D2F3AB4":{"x":123,"y":219,"w":117,"h":93},
		"C425A551":{"x":1,"y":128,"w":117,"h":96},
		"8084B68E":{"x":320,"y":379,"w":117,"h":93},
		"C8E05982":{"x":320,"y":1,"w":121,"h":91},
		"DA31C0AA":{"x":1,"y":1,"w":101,"h":125},
		"972FFC21":{"x":104,"y":1,"w":92,"h":122},
		"4A43A63D":{"x":113,"y":408,"w":92,"h":77}
	}}