{"mc":{
	"hurt":{
		"frameRate":6,
		"frames":[
			
			{
			"res":"5668710F",
			"x":659,
			"y":440
			},
			{
			"res":"CB82B45C",
			"x":661,
			"y":441
			}
			]
},"hurt_poison":{
		"frameRate":4,
		"frames":[
			
			{
			"res":"5668710F",
			"x":659,
			"y":440
			},
			{
			"res":"754AC298",
			"x":661,
			"y":441
			}
			]
},"run":{
		"frameRate":6,
		"frames":[
			
			{
			"res":"309D65D2",
			"x":733,
			"y":433
			},
			{
			"res":"752E9241",
			"x":733,
			"y":434
			}
			]
},"dead":{
		"frameRate":6,
		"frames":[
			
			{
			"res":"5B36F424",
			"x":445,
			"y":442
			},
			{
			"res":"F4D45BCE",
			"x":445,
			"y":434
			},
			{
			"res":"6E8E173F",
			"x":447,
			"y":436
			},
			{
			"res":"8FC84023",
			"x":453,
			"y":432
			},
			{
			"res":"F8A20D1E",
			"x":451,
			"y":451,
			"duration":3
			}
			]
}},
	"res":{
		"5668710F":{"x":1,"y":73,"w":71,"h":70},
		"CB82B45C":{"x":146,"y":143,"w":71,"h":68},
		"754AC298":{"x":74,"y":213,"w":71,"h":68},
		"309D65D2":{"x":147,"y":213,"w":71,"h":68},
		"752E9241":{"x":146,"y":73,"w":71,"h":68},
		"5B36F424":{"x":148,"y":1,"w":71,"h":70},
		"F4D45BCE":{"x":1,"y":145,"w":71,"h":68},
		"6E8E173F":{"x":74,"y":73,"w":70,"h":69},
		"8FC84023":{"x":1,"y":215,"w":68,"h":71},
		"F8A20D1E":{"x":1,"y":1,"w":72,"h":70}
	}}