{"mc":{
	"hurt":{
		"frameRate":2,
		"frames":[
			
			{
			"res":"52DBD02A",
			"x":1,
			"y":3
			},
			{
			"res":"21992C7",
			"x":4,
			"y":3
			}
			]
},"hurt_poison":{
		"frameRate":2,
		"frames":[
			
			{
			"res":"2C2D2694",
			"x":574,
			"y":418
			},
			{
			"res":"7B9541B1",
			"x":577,
			"y":418
			}
			]
},"run":{
		"frameRate":4,
		"frames":[
			
			{
			"res":"FB5B0C7C",
			"x":415,
			"y":531
			},
			{
			"res":"5CEBC03C",
			"x":415,
			"y":529
			},
			{
			"res":"8E5C9DAA",
			"x":415,
			"y":531
			},
			{
			"res":"3E1AA439",
			"x":415,
			"y":531
			}
			]
},"dead":{
		"frameRate":6,
		"frames":[
			
			{
			"res":"52DBD02A",
			"x":1,
			"y":27
			},
			{
			"res":"7DF6A06C",
			"x":4,
			"y":27
			},
			{
			"res":"38C4D8D0",
			"x":26,
			"y":30
			},
			{
			"res":"43BC6008",
			"x":41,
			"y":1
			},
			{
			"res":"54352A05",
			"x":45,
			"y":45,
			"duration":3
			}
			]
}},
	"res":{
		"52DBD02A":{"x":377,"y":223,"w":122,"h":109},
		"21992C7":{"x":250,"y":253,"w":121,"h":109},
		"2C2D2694":{"x":377,"y":112,"w":122,"h":109},
		"7B9541B1":{"x":127,"y":253,"w":121,"h":109},
		"FB5B0C7C":{"x":253,"y":113,"w":122,"h":109},
		"5CEBC03C":{"x":253,"y":1,"w":122,"h":110},
		"8E5C9DAA":{"x":127,"y":143,"w":123,"h":108},
		"3E1AA439":{"x":250,"y":364,"w":123,"h":106},
		"7DF6A06C":{"x":1,"y":109,"w":124,"h":109},
		"38C4D8D0":{"x":1,"y":1,"w":144,"h":106},
		"43BC6008":{"x":147,"y":1,"w":104,"h":140},
		"54352A05":{"x":375,"y":334,"w":113,"h":85}
	}}