{"mc":{
	"hurt":{
		"frameRate":4,
		"frames":[
			
			{
			"res":"E4077F3F",
			"x":2,
			"y":5
			},
			{
			"res":"4979CF09",
			"x":7,
			"y":-1
			}
			]
},"hurt_poison":{
		"frameRate":4,
		"frames":[
			
			{
			"res":"4E8C725",
			"x":427,
			"y":345
			},
			{
			"res":"E173FFF4",
			"x":432,
			"y":339
			}
			]
},"run":{
		"frameRate":6,
		"frames":[
			
			{
			"res":"BE4D350A",
			"x":2,
			"y":4
			},
			{
			"res":"C529DC3",
			"x":2,
			"y":5
			},
			{
			"res":"E3EDBD82",
			"x":2,
			"y":4
			},
			{
			"res":"3BF6D040",
			"x":2,
			"y":2
			},
			{
			"res":"946EF978",
			"x":2,
			"y":3
			}
			]
},"dead":{
		"frameRate":12,
		"frames":[
			
			{
			"res":"4126C3D2",
			"x":1,
			"y":14
			},
			{
			"res":"105B05B6",
			"x":17,
			"y":9
			},
			{
			"res":"F3B85A7D",
			"x":56,
			"y":1
			},
			{
			"res":"C5844FF9",
			"x":73,
			"y":56,
			"duration":3
			}
			]
}},
	"res":{
		"E4077F3F":{"x":311,"y":135,"w":153,"h":127},
		"4979CF09":{"x":1,"y":1,"w":155,"h":132},
		"4E8C725":{"x":156,"y":135,"w":153,"h":127},
		"E173FFF4":{"x":158,"y":1,"w":155,"h":132},
		"BE4D350A":{"x":156,"y":264,"w":148,"h":127},
		"C529DC3":{"x":248,"y":395,"w":134,"h":124},
		"E3EDBD82":{"x":1,"y":265,"w":133,"h":131},
		"3BF6D040":{"x":306,"y":264,"w":132,"h":129},
		"946EF978":{"x":1,"y":398,"w":132,"h":126},
		"4126C3D2":{"x":1,"y":135,"w":153,"h":128},
		"105B05B6":{"x":315,"y":1,"w":155,"h":132},
		"F3B85A7D":{"x":136,"y":393,"w":110,"h":152},
		"C5844FF9":{"x":248,"y":521,"w":138,"h":104}
	}}