{"mc":{
	"hurt":{
		"frameRate":6,
		"frames":[
			
			{
			"res":"14C609A7",
			"x":97,
			"y":59
			},
			{
			"res":"B75F7DF3",
			"x":95,
			"y":59
			}
			]
},"hurt_poison":{
		"frameRate":4,
		"frames":[
			
			{
			"res":"14C609A7",
			"x":97,
			"y":59
			},
			{
			"res":"B986A52B",
			"x":95,
			"y":59
			}
			]
},"run":{
		"frameRate":6,
		"frames":[
			
			{
			"res":"C6253771",
			"x":0,
			"y":0,
			"duration":2
			},
			{
			"res":"602ED349",
			"x":0,
			"y":1,
			"duration":2
			},
			{
			"res":"5B50D2B4",
			"x":0,
			"y":1
			},
			{
			"res":"E292A1E5",
			"x":0,
			"y":0
			},
			{
			"res":"764CEC25",
			"x":0,
			"y":1
			},
			{
			"res":"45D6FF56",
			"x":0,
			"y":1
			}
			]
},"dead":{
		"frameRate":6,
		"frames":[
			
			{
			"res":"BC2126E3",
			"x":129,
			"y":59
			},
			{
			"res":"FE1727A3",
			"x":132,
			"y":44
			},
			{
			"res":"2C95A660",
			"x":137,
			"y":36
			},
			{
			"res":"3D124311",
			"x":132,
			"y":48
			},
			{
			"res":"8572E2C1",
			"x":131,
			"y":48,
			"duration":3
			}
			]
}},
	"res":{
		"14C609A7":{"x":127,"y":1,"w":64,"h":59},
		"B75F7DF3":{"x":1,"y":1,"w":66,"h":60},
		"B986A52B":{"x":1,"y":63,"w":66,"h":60},
		"C6253771":{"x":1,"y":186,"w":65,"h":59},
		"602ED349":{"x":259,"y":1,"w":64,"h":57},
		"5B50D2B4":{"x":135,"y":123,"w":64,"h":58},
		"E292A1E5":{"x":193,"y":1,"w":64,"h":59},
		"764CEC25":{"x":201,"y":121,"w":64,"h":57},
		"45D6FF56":{"x":201,"y":62,"w":64,"h":57},
		"BC2126E3":{"x":69,"y":71,"w":64,"h":59},
		"FE1727A3":{"x":1,"y":125,"w":66,"h":59},
		"2C95A660":{"x":69,"y":1,"w":56,"h":68},
		"3D124311":{"x":68,"y":186,"w":65,"h":59},
		"8572E2C1":{"x":135,"y":183,"w":64,"h":58}
	}}