{"mc":{
	"hurt_poison":{
		"frameRate":4,
		"frames":[
			
			{
			"res":"3D135BFB",
			"x":530,
			"y":262
			},
			{
			"res":"C2DBEF9B",
			"x":532,
			"y":262
			}
			]
},"run":{
		"frameRate":6,
		"frames":[
			
			{
			"res":"F5C7522B",
			"x":598,
			"y":411
			},
			{
			"res":"9821F2E8",
			"x":598,
			"y":412
			},
			{
			"res":"61713B38",
			"x":594,
			"y":412
			},
			{
			"res":"9AC64C3B",
			"x":592,
			"y":412
			},
			{
			"res":"404710AB",
			"x":592,
			"y":411
			},
			{
			"res":"C23AE6C1",
			"x":591,
			"y":412
			}
			]
},"dead":{
		"frameRate":6,
		"frames":[
			
			{
			"res":"893A171C",
			"x":547,
			"y":291
			},
			{
			"res":"96135022",
			"x":549,
			"y":291
			},
			{
			"res":"3BE5B7A4",
			"x":547,
			"y":291
			},
			{
			"res":"326DD15B",
			"x":547,
			"y":287
			},
			{
			"res":"DBD7C73A",
			"x":548,
			"y":300,
			"duration":3
			}
			]
},"hurt":{
		"frameRate":4,
		"frames":[
			
			{
			"res":"3D135BFB",
			"x":530,
			"y":262
			},
			{
			"res":"68107C55",
			"x":532,
			"y":262
			}
			]
}},
	"res":{
		"3D135BFB":{"x":174,"y":79,"w":78,"h":85},
		"C2DBEF9B":{"x":1,"y":171,"w":72,"h":86},
		"F5C7522B":{"x":146,"y":412,"w":65,"h":87},
		"9821F2E8":{"x":1,"y":347,"w":65,"h":84},
		"61713B38":{"x":75,"y":341,"w":69,"h":84},
		"9AC64C3B":{"x":149,"y":326,"w":71,"h":84},
		"404710AB":{"x":161,"y":239,"w":73,"h":85},
		"C23AE6C1":{"x":1,"y":84,"w":78,"h":85},
		"893A171C":{"x":94,"y":79,"w":78,"h":85},
		"96135022":{"x":75,"y":253,"w":72,"h":86},
		"3BE5B7A4":{"x":94,"y":1,"w":90,"h":76},
		"326DD15B":{"x":1,"y":1,"w":91,"h":81},
		"DBD7C73A":{"x":161,"y":166,"w":90,"h":71},
		"68107C55":{"x":1,"y":259,"w":72,"h":86}
	}}