{"mc":{
	"火球":{
		"frameRate":10,
		"frames":[
			
			{
			"res":"251BC1D9",
			"x":0,
			"y":0
			},
			{
			"res":"63ED1E36",
			"x":0,
			"y":121
			},
			{
			"res":"251BC1D9",
			"x":1,
			"y":242
			},
			{
			"res":"D0B829EB",
			"x":0,
			"y":357
			},
			{
			"res":"48685385",
			"x":-36,
			"y":378
			},
			{
			"res":"A153FBB3",
			"x":-73,
			"y":302
			},
			{
			"res":"2661A545",
			"x":-39,
			"y":294
			},
			{
			"res":"DC63B1F2",
			"x":-87,
			"y":339
			}
			]
}},
	"res":{
		"251BC1D9":{"x":151,"y":288,"w":64,"h":171},
		"63ED1E36":{"x":392,"y":129,"w":65,"h":171},
		"D0B829EB":{"x":323,"y":129,"w":67,"h":183},
		"48685385":{"x":205,"y":129,"w":116,"h":157},
		"A153FBB3":{"x":1,"y":1,"w":202,"h":246},
		"2661A545":{"x":1,"y":249,"w":148,"h":165},
		"DC63B1F2":{"x":205,"y":1,"w":246,"h":126}
	}}