{
"texture":"skill102.png",
"startRed":255
,"startAlphaVariance":0
,"gravity":{"x":30,"y":110}
,"emitAngle":180
,"duration":-1
,"endAlpha":1
,"endBlue":255
,"endSizeVariance":5
,"startRotation":0
,"emitter":{"x":491,"y":-28}
,"endBlueVariance":0
,"startRotationVariance":45
,"rotatePerSecondVariance":10
,"endSize":10
,"endRotation":263.58
,"endRed":255
,"endRotationVariance":292.07
,"maxParticles":50
,"startAlpha":0.8901960784313725
,"speedVariance":0
,"startRedVariance":0
,"blendFactorSource":"one"
,"endAlphaVariance":0
,"blendFactorDestination":"oneMinusSourceAlpha"
,"radialAccelerationVariance":0
,"tangentialAcceleration":0
,"startGreen":255
,"endGreen":255
,"tangentialAccelerationVariance":0
,"startBlue":255
,"emitAngleVariance":360
,"startBlueVariance":0
,"emitterVariance":{"x":394,"y":2}
,"maxRadiusVariance":30
,"lifespan":2500
,"radialAcceleration":0
,"startGreenVariance":0
,"lifespanVariance":700
,"maxRadius":100
,"emitterType":0
,"startSize":20
,"speed":20
,"rotatePerSecond":30
,"startSizeVariance":10
,"minRadius":20
,"engGreenVariance":0
,"endRedVariance":0
,"minRadiusVariance":10
}