{
"texture":"skill1.png",
"engGreenVariance":0
,"startGreenVariance":0
,"gravity":{"x":1000,"y":1000}
,"endGreen":255
,"startBlueVariance":0
,"endRotation":-90
,"startRotation":-90
,"endAlphaVariance":0
,"endRedVariance":0
,"startRotationVariance":0
,"endRed":255
,"startAlphaVariance":0
,"speedVariance":100
,"startRedVariance":0
,"endRotationVariance":10
,"startBlue":255
,"endBlue":255
,"endAlpha":1
,"startGreen":255
,"blendFactorSource":"one"
,"emitter":{"x":467,"y":6}
,"blendFactorDestination":"oneMinusSourceAlpha"
,"radialAccelerationVariance":0
,"tangentialAcceleration":0
,"radialAcceleration":0
,"tangentialAccelerationVariance":0
,"endBlueVariance":0
,"emitterVariance":{"x":435,"y":1}
,"maxRadiusVariance":30
,"lifespan":1000
,"startRed":255
,"lifespanVariance":0
,"maxRadius":100
,"emitterType":0
,"startSize":50
,"rotatePerSecond":30
,"startSizeVariance":50
,"minRadius":20
,"rotatePerSecondVariance":10
,"endSize":30
,"minRadiusVariance":10
,"endSizeVariance":30
,"speed":0
,"startAlpha":0.8901960784313725
,"emitAngle":113
,"duration":3000
,"maxParticles":20
,"emitAngleVariance":360
}