{"mc":{
	"闪电":{
		"frameRate":10,
		"frames":[
			
			{
			"res":"EDAD15F2",
			"x":0,
			"y":0
			},
			{
			"res":"204C8A39",
			"x":-104,
			"y":0
			},
			{
			"res":"FB316298",
			"x":-137,
			"y":0
			},
			{
			"res":"1DCDD12D",
			"x":-51,
			"y":306
			},
			{
			"res":"4FAADFCA",
			"x":-94,
			"y":293
			}
			]
}},
	"res":{
		"EDAD15F2":{"x":556,"y":282,"w":47,"h":159},
		"204C8A39":{"x":1,"y":1,"w":284,"h":503},
		"FB316298":{"x":287,"y":1,"w":267,"h":503},
		"1DCDD12D":{"x":556,"y":136,"w":196,"h":144},
		"4FAADFCA":{"x":556,"y":1,"w":243,"h":133}
	}}