{"mc":{
	"陨石":{
		"frameRate":10,
		"frames":[
			
			{
			"res":"5D3E8D9E",
			"x":-8,
			"y":-59
			},
			{
			"res":"FCE66DE3",
			"x":-15,
			"y":267
			},
			{
			"res":"4B9B8DD3",
			"x":0,
			"y":327
			},
			{
			"res":"F07930AB",
			"x":-42,
			"y":276
			},
			{
			"res":"6B777DED",
			"x":-88,
			"y":269
			},
			{
			"res":"D9D26200",
			"x":-133,
			"y":229
			}
			]
}},
	"res":{
		"5D3E8D9E":{"x":411,"y":249,"w":67,"h":103},
		"FCE66DE3":{"x":328,"y":249,"w":81,"h":125},
		"4B9B8DD3":{"x":250,"y":302,"w":55,"h":160},
		"F07930AB":{"x":328,"y":1,"w":157,"h":246},
		"6B777DED":{"x":1,"y":302,"w":247,"h":255},
		"D9D26200":{"x":1,"y":1,"w":325,"h":299}
	}}