{"frames": {

"device/ui_device_addon_arrow_l.png":
{
	"frame": {"x":1815,"y":542,"w":125,"h":228},
	"rotated": false,
	"trimmed": true,
	"spriteSourceSize": {"x":18,"y":167,"w":125,"h":228},
	"sourceSize": {"w":1000,"h":600}
},
"device/ui_device_addon_arrow_r.png":
{
	"frame": {"x":1815,"y":312,"w":126,"h":228},
	"rotated": false,
	"trimmed": true,
	"spriteSourceSize": {"x":861,"y":167,"w":126,"h":228},
	"sourceSize": {"w":1000,"h":600}
},
"device/ui_device_addon_close.png":
{
	"frame": {"x":1815,"y":2,"w":213,"h":173},
	"rotated": false,
	"trimmed": true,
	"spriteSourceSize": {"x":726,"y":7,"w":213,"h":173},
	"sourceSize": {"w":1000,"h":600}
},
"device/ui_device_addon_copy_box.png":
{
	"frame": {"x":2,"y":1586,"w":688,"h":133},
	"rotated": false,
	"trimmed": true,
	"spriteSourceSize": {"x":1,"y":0,"w":688,"h":133},
	"sourceSize": {"w":690,"h":140}
},
"device/ui_device_addon_copy_box_display.png":
{
	"frame": {"x":2,"y":1462,"w":642,"h":120},
	"rotated": false,
	"trimmed": true,
	"spriteSourceSize": {"x":24,"y":0,"w":642,"h":120},
	"sourceSize": {"w":690,"h":140}
},
"device/ui_device_addon_game_over.png":
{
	"frame": {"x":890,"y":757,"w":846,"h":182},
	"rotated": false,
	"trimmed": true,
	"spriteSourceSize": {"x":81,"y":320,"w":846,"h":182},
	"sourceSize": {"w":1000,"h":600}
},
"device/ui_device_addon_mission.png":
{
	"frame": {"x":1678,"y":1320,"w":313,"h":153},
	"rotated": false,
	"trimmed": true,
	"spriteSourceSize": {"x":614,"y":365,"w":313,"h":153},
	"sourceSize": {"w":1000,"h":600}
},
"device/ui_device_addon_quit.png":
{
	"frame": {"x":912,"y":574,"w":847,"h":181},
	"rotated": false,
	"trimmed": true,
	"spriteSourceSize": {"x":80,"y":320,"w":847,"h":181},
	"sourceSize": {"w":1000,"h":600}
},
"device/ui_device_addon_scroll_large.png":
{
	"frame": {"x":1916,"y":778,"w":114,"h":540},
	"rotated": false,
	"trimmed": true,
	"spriteSourceSize": {"x":785,"y":47,"w":114,"h":540},
	"sourceSize": {"w":1000,"h":600}
},
"device/ui_device_addon_scroll_small.png":
{
	"frame": {"x":1738,"y":884,"w":114,"h":421},
	"rotated": false,
	"trimmed": true,
	"spriteSourceSize": {"x":785,"y":87,"w":114,"h":421},
	"sourceSize": {"w":1000,"h":600}
},
"device/ui_device_addon_tab_switch.png":
{
	"frame": {"x":790,"y":1445,"w":708,"h":139},
	"rotated": false,
	"trimmed": true,
	"spriteSourceSize": {"x":105,"y":59,"w":708,"h":139},
	"sourceSize": {"w":1000,"h":600}
},
"device/ui_device_addon_title_box.png":
{
	"frame": {"x":693,"y":1803,"w":551,"h":90},
	"rotated": false,
	"trimmed": true,
	"spriteSourceSize": {"x":9,"y":0,"w":551,"h":90},
	"sourceSize": {"w":570,"h":100}
},
"device/ui_device_addon_title_box_display.png":
{
	"frame": {"x":2,"y":1957,"w":506,"h":65},
	"rotated": false,
	"trimmed": true,
	"spriteSourceSize": {"x":32,"y":10,"w":506,"h":65},
	"sourceSize": {"w":570,"h":100}
},
"device/ui_device_large.png":
{
	"frame": {"x":2,"y":2,"w":909,"h":558},
	"rotated": false,
	"trimmed": true,
	"spriteSourceSize": {"x":45,"y":42,"w":909,"h":558},
	"sourceSize": {"w":1000,"h":600}
},
"device/ui_device_large_display.png":
{
	"frame": {"x":890,"y":941,"w":786,"h":502},
	"rotated": false,
	"trimmed": true,
	"spriteSourceSize": {"x":109,"y":66,"w":786,"h":502},
	"sourceSize": {"w":1000,"h":600}
},
"device/ui_device_radar.png":
{
	"frame": {"x":913,"y":2,"w":900,"h":570},
	"rotated": false,
	"trimmed": false,
	"spriteSourceSize": {"x":0,"y":0,"w":900,"h":570},
	"sourceSize": {"w":900,"h":570}
},
"device/ui_device_radar_bg.png":
{
	"frame": {"x":1960,"y":177,"w":82,"h":53},
	"rotated": false,
	"trimmed": true,
	"spriteSourceSize": {"x":4,"y":2,"w":82,"h":53},
	"sourceSize": {"w":90,"h":57}
},
"device/ui_device_radar_target_circle.png":
{
	"frame": {"x":1738,"y":757,"w":58,"h":56},
	"rotated": false,
	"trimmed": false,
	"spriteSourceSize": {"x":0,"y":0,"w":58,"h":56},
	"sourceSize": {"w":58,"h":56}
},
"device/ui_device_small.png":
{
	"frame": {"x":2,"y":562,"w":886,"h":474},
	"rotated": false,
	"trimmed": true,
	"spriteSourceSize": {"x":56,"y":42,"w":886,"h":474},
	"sourceSize": {"w":1000,"h":600}
},
"device/ui_device_small_display.png":
{
	"frame": {"x":2,"y":1038,"w":786,"h":422},
	"rotated": false,
	"trimmed": true,
	"spriteSourceSize": {"x":109,"y":66,"w":786,"h":422},
	"sourceSize": {"w":1000,"h":600}
},
"device/ui_mission_panel.png":
{
	"frame": {"x":2,"y":1803,"w":689,"h":152},
	"rotated": false,
	"trimmed": true,
	"spriteSourceSize": {"x":1,"y":2,"w":689,"h":152},
	"sourceSize": {"w":690,"h":156}
},
"device/ui_mission_panel_display.png":
{
	"frame": {"x":692,"y":1586,"w":642,"h":127},
	"rotated": false,
	"trimmed": true,
	"spriteSourceSize": {"x":24,"y":14,"w":642,"h":127},
	"sourceSize": {"w":690,"h":156}
},
"hub_scroll_bg.png":
{
	"frame": {"x":2021,"y":412,"w":17,"h":151},
	"rotated": false,
	"trimmed": false,
	"spriteSourceSize": {"x":0,"y":0,"w":17,"h":151},
	"sourceSize": {"w":17,"h":151}
},
"ui_help_pagination_off.png":
{
	"frame": {"x":890,"y":562,"w":20,"h":20},
	"rotated": false,
	"trimmed": false,
	"spriteSourceSize": {"x":0,"y":0,"w":20,"h":20},
	"sourceSize": {"w":20,"h":20}
},
"ui_help_pagination_on.png":
{
	"frame": {"x":2021,"y":390,"w":20,"h":20},
	"rotated": false,
	"trimmed": false,
	"spriteSourceSize": {"x":0,"y":0,"w":20,"h":20},
	"sourceSize": {"w":20,"h":20}
},
"ui_icon_mission.png":
{
	"frame": {"x":1798,"y":772,"w":116,"h":110},
	"rotated": false,
	"trimmed": true,
	"spriteSourceSize": {"x":2,"y":5,"w":116,"h":110},
	"sourceSize": {"w":120,"h":120}
},
"ui_icon_mission_2.png":
{
	"frame": {"x":1815,"y":177,"w":143,"h":133},
	"rotated": false,
	"trimmed": true,
	"spriteSourceSize": {"x":4,"y":9,"w":143,"h":133},
	"sourceSize": {"w":150,"h":150}
},
"ui_icon_mission_convoy.png":
{
	"frame": {"x":1942,"y":551,"w":76,"h":74},
	"rotated": false,
	"trimmed": true,
	"spriteSourceSize": {"x":4,"y":5,"w":76,"h":74},
	"sourceSize": {"w":82,"h":82}
},
"ui_icon_mission_defend.png":
{
	"frame": {"x":1942,"y":703,"w":76,"h":73},
	"rotated": false,
	"trimmed": true,
	"spriteSourceSize": {"x":4,"y":6,"w":76,"h":73},
	"sourceSize": {"w":82,"h":82}
},
"ui_icon_mission_destroy.png":
{
	"frame": {"x":1960,"y":232,"w":79,"h":72},
	"rotated": false,
	"trimmed": true,
	"spriteSourceSize": {"x":1,"y":7,"w":79,"h":72},
	"sourceSize": {"w":82,"h":82}
},
"ui_icon_mission_knock_out.png":
{
	"frame": {"x":1942,"y":627,"w":76,"h":74},
	"rotated": false,
	"trimmed": true,
	"spriteSourceSize": {"x":4,"y":5,"w":76,"h":74},
	"sourceSize": {"w":82,"h":82}
},
"ui_icon_mission_pilot.png":
{
	"frame": {"x":1943,"y":474,"w":76,"h":75},
	"rotated": false,
	"trimmed": true,
	"spriteSourceSize": {"x":4,"y":4,"w":76,"h":75},
	"sourceSize": {"w":82,"h":82}
},
"ui_icon_mission_recover.png":
{
	"frame": {"x":790,"y":1038,"w":76,"h":72},
	"rotated": false,
	"trimmed": true,
	"spriteSourceSize": {"x":4,"y":7,"w":76,"h":72},
	"sourceSize": {"w":82,"h":82}
},
"ui_icon_mission_rescue.png":
{
	"frame": {"x":1960,"y":306,"w":76,"h":82},
	"rotated": false,
	"trimmed": true,
	"spriteSourceSize": {"x":3,"y":0,"w":76,"h":82},
	"sourceSize": {"w":82,"h":82}
},
"ui_icon_mission_small.png":
{
	"frame": {"x":1761,"y":574,"w":46,"h":43},
	"rotated": false,
	"trimmed": true,
	"spriteSourceSize": {"x":0,"y":0,"w":46,"h":43},
	"sourceSize": {"w":46,"h":44}
},
"ui_icon_mission_survive.png":
{
	"frame": {"x":1943,"y":390,"w":76,"h":82},
	"rotated": false,
	"trimmed": true,
	"spriteSourceSize": {"x":4,"y":0,"w":76,"h":82},
	"sourceSize": {"w":82,"h":82}
},
"ui_leaderboard_devider.png":
{
	"frame": {"x":2,"y":2024,"w":440,"h":13},
	"rotated": false,
	"trimmed": false,
	"spriteSourceSize": {"x":0,"y":0,"w":440,"h":13},
	"sourceSize": {"w":440,"h":13}
},
"ui_mission_frame.png":
{
	"frame": {"x":1500,"y":1475,"w":519,"h":326},
	"rotated": false,
	"trimmed": true,
	"spriteSourceSize": {"x":0,"y":2,"w":519,"h":326},
	"sourceSize": {"w":520,"h":330}
}},
"meta": {
	"app": "http://www.codeandweb.com/texturepacker",
	"version": "1.0",
	"image": "menus1.png",
	"format": "RGBA8888",
	"size": {"w":2048,"h":2048},
	"scale": "0.5",
	"smartupdate": "$TexturePacker:SmartUpdate:8f3fbe8c7709f7d080e148cde7c9fad8:0f0334e23bed608337bc344135166052:3b63f584187c35bd56085db1887f41ca$"
}
}
