{"file":"res.png","frames":{
"open_level_png":{"x":459,"y":2384,"w":254,"h":358,"offX":1,"offY":1,"sourceW":256,"sourceH":360},
"back_png":{"x":1685,"y":3248,"w":76,"h":77,"offX":0,"offY":0,"sourceW":76,"sourceH":77},
"close_png":{"x":1773,"y":3077,"w":71,"h":73,"offX":0,"offY":0,"sourceW":71,"sourceH":73},
"finger_png":{"x":1438,"y":2671,"w":153,"h":143,"offX":0,"offY":0,"sourceW":153,"sourceH":143},
"goldCoin_png":{"x":1371,"y":2870,"w":65,"h":66,"offX":0,"offY":0,"sourceW":65,"sourceH":66},
"guide_cir_png":{"x":1946,"y":1971,"w":100,"h":100,"offX":0,"offY":0,"sourceW":100,"sourceH":100},
"next_png":{"x":1371,"y":2940,"w":163,"h":73,"offX":0,"offY":0,"sourceW":163,"sourceH":73},
"tips-panel_png":{"x":1051,"y":1876,"w":893,"h":195,"offX":0,"offY":0,"sourceW":893,"sourceH":195},
"tipsPanel_png":{"x":487,"y":1805,"w":562,"h":408,"offX":0,"offY":0,"sourceW":562,"sourceH":408},
"yes_png":{"x":1672,"y":2320,"w":261,"h":101,"offX":0,"offY":0,"sourceW":261,"sourceH":101},
"closeMusic_png":{"x":1672,"y":2423,"w":261,"h":101,"offX":0,"offY":0,"sourceW":261,"sourceH":101},
"dixguan_png":{"x":1160,"y":2870,"w":209,"h":71,"offX":0,"offY":0,"sourceW":209,"sourceH":71},
"fanhuiGame_png":{"x":1039,"y":2501,"w":261,"h":101,"offX":0,"offY":0,"sourceW":261,"sourceH":101},
"GameSchedule-BOSS_png":{"x":993,"y":2753,"w":36,"h":33,"offX":0,"offY":0,"sourceW":36,"sourceH":33},
"GameSchedule-xiaoguai_png":{"x":1651,"y":1506,"w":23,"h":23,"offX":0,"offY":0,"sourceW":23,"sourceH":23},
"GameSchedule_png":{"x":1452,"y":2226,"w":447,"h":92,"offX":0,"offY":0,"sourceW":447,"sourceH":92},
"jineng-bomb_png":{"x":1536,"y":3078,"w":120,"h":90,"offX":0,"offY":0,"sourceW":120,"sourceH":90},
"jineng-fire_png":{"x":1847,"y":2980,"w":120,"h":90,"offX":0,"offY":0,"sourceW":120,"sourceH":90},
"jineng-shandian_png":{"x":1847,"y":3072,"w":120,"h":90,"offX":0,"offY":0,"sourceW":120,"sourceH":90},
"jineng_ice_png":{"x":1536,"y":2986,"w":120,"h":90,"offX":0,"offY":0,"sourceW":120,"sourceH":90},
"life_png":{"x":1676,"y":1517,"w":4,"h":5,"offX":0,"offY":2,"sourceW":4,"sourceH":9},
"lifebg_png":{"x":1676,"y":1506,"w":4,"h":9,"offX":0,"offY":0,"sourceW":4,"sourceH":9},
"pauseButton_png":{"x":1969,"y":3066,"w":78,"h":84,"offX":0,"offY":0,"sourceW":78,"sourceH":84},
"pausePanel_png":{"x":487,"y":1395,"w":562,"h":408,"offX":0,"offY":0,"sourceW":562,"sourceH":408},
"task_tip_png":{"x":1795,"y":3248,"w":9,"h":26,"offX":0,"offY":0,"sourceW":9,"sourceH":26},
"tianfuButton_png":{"x":1525,"y":3170,"w":73,"h":83,"offX":0,"offY":0,"sourceW":73,"sourceH":83},
"achievementBotton_png":{"x":1969,"y":2980,"w":78,"h":84,"offX":0,"offY":0,"sourceW":78,"sourceH":84},
"brightStar_png":{"x":1445,"y":3164,"w":78,"h":78,"offX":0,"offY":0,"sourceW":78,"sourceH":78},
"grayStar_png":{"x":1593,"y":2671,"w":77,"h":78,"offX":1,"offY":0,"sourceW":78,"sourceH":78},
"LosePanel_png":{"x":1211,"y":506,"w":708,"h":527,"offX":0,"offY":0,"sourceW":708,"sourceH":527},
"lose_cola_png":{"x":1051,"y":1506,"w":538,"h":368,"offX":0,"offY":0,"sourceW":538,"sourceH":368},
"NewBegain_png":{"x":1804,"y":2893,"w":222,"h":85,"offX":0,"offY":0,"sourceW":222,"sourceH":85},
"newThisLevel_png":{"x":1205,"y":2696,"w":222,"h":85,"offX":0,"offY":0,"sourceW":222,"sourceH":85},
"nextLevel_png":{"x":1205,"y":2783,"w":222,"h":85,"offX":0,"offY":0,"sourceW":222,"sourceH":85},
"TreasureBox_png":{"x":1672,"y":2609,"w":159,"h":141,"offX":0,"offY":24,"sourceW":162,"sourceH":165},
"TreasureBoxOpen_png":{"x":1886,"y":1535,"w":159,"h":165,"offX":3,"offY":0,"sourceW":162,"sourceH":165},
"TreasureBoxOpenFlash_png":{"x":1132,"y":2991,"w":23,"h":23,"offX":0,"offY":0,"sourceW":23,"sourceH":23},
"TreasureBoxOpenLight_png":{"x":1177,"y":2226,"w":273,"h":273,"offX":1,"offY":1,"sourceW":275,"sourceH":275},
"winPanel_png":{"x":1,"y":769,"w":708,"h":527,"offX":0,"offY":0,"sourceW":708,"sourceH":527},
"back_map_png":{"x":1935,"y":1258,"w":101,"h":108,"offX":0,"offY":0,"sourceW":101,"sourceH":108},
"clouds_png":{"x":1,"y":1,"w":1208,"h":766,"offX":0,"offY":0,"sourceW":1208,"sourceH":766},
"eff_off_png":{"x":1946,"y":1861,"w":101,"h":108,"offX":0,"offY":0,"sourceW":101,"sourceH":108},
"eff_on_png":{"x":1935,"y":1148,"w":101,"h":108,"offX":0,"offY":0,"sourceW":101,"sourceH":108},
"sound_off_png":{"x":1937,"y":2073,"w":102,"h":108,"offX":0,"offY":0,"sourceW":102,"sourceH":108},
"sound_on_png":{"x":1935,"y":2309,"w":102,"h":108,"offX":0,"offY":0,"sourceW":102,"sourceH":108},
"StarGame_png":{"x":715,"y":2630,"w":321,"h":121,"offX":0,"offY":0,"sourceW":321,"sourceH":121},
"suoIcon_png":{"x":1600,"y":3248,"w":83,"h":71,"offX":0,"offY":0,"sourceW":83,"sourceH":71},
"baoji_png":{"x":1956,"y":3247,"w":80,"h":81,"offX":2,"offY":3,"sourceW":88,"sourceH":86},
"BuyBotton_png":{"x":1658,"y":3174,"w":147,"h":72,"offX":0,"offY":0,"sourceW":147,"sourceH":72},
"chongzhi_png":{"x":1160,"y":2943,"w":146,"h":80,"offX":0,"offY":0,"sourceW":146,"sourceH":80},
"chongzhiPanel_png":{"x":1038,"y":2630,"w":165,"h":161,"offX":0,"offY":0,"sourceW":165,"sourceH":161},
"chongzhiPanel_masking_png":{"x":459,"y":2744,"w":145,"h":36,"offX":10,"offY":115,"sourceW":165,"sourceH":161},
"chuanyang_png":{"x":1364,"y":3164,"w":79,"h":78,"offX":6,"offY":4,"sourceW":88,"sourceH":86},
"countinue_png":{"x":1205,"y":2604,"w":89,"h":82,"offX":0,"offY":0,"sourceW":89,"sourceH":82},
"diban1_png":{"x":1935,"y":506,"w":80,"h":640,"offX":0,"offY":0,"sourceW":80,"sourceH":640},
"diban2_png":{"x":459,"y":2226,"w":716,"h":156,"offX":0,"offY":0,"sourceW":716,"sourceH":156},
"du_png":{"x":1953,"y":2595,"w":85,"h":82,"offX":0,"offY":4,"sourceW":88,"sourceH":86},
"duojian_png":{"x":1953,"y":2679,"w":83,"h":83,"offX":3,"offY":0,"sourceW":88,"sourceH":86},
"gerenchengjiu_png":{"x":1672,"y":2526,"w":278,"h":81,"offX":0,"offY":0,"sourceW":278,"sourceH":81},
"gundongtiao_png":{"x":1763,"y":3248,"w":30,"h":30,"offX":0,"offY":0,"sourceW":30,"sourceH":30},
"gundongtiao1_png":{"x":1855,"y":1814,"w":29,"h":37,"offX":0,"offY":0,"sourceW":29,"sourceH":37},
"IconBG_png":{"x":1308,"y":2943,"w":60,"h":57,"offX":0,"offY":0,"sourceW":60,"sourceH":57},
"jian-baoji_png":{"x":1838,"y":3342,"w":92,"h":38,"offX":0,"offY":0,"sourceW":92,"sourceH":38},
"jian-chuanyang_png":{"x":700,"y":2753,"w":92,"h":38,"offX":0,"offY":0,"sourceW":92,"sourceH":38},
"jian-duochong_png":{"x":1838,"y":3302,"w":92,"h":38,"offX":0,"offY":0,"sourceW":92,"sourceH":38},
"jian-qindu_png":{"x":1937,"y":2183,"w":92,"h":39,"offX":0,"offY":0,"sourceW":92,"sourceH":39},
"jian-zhiming_png":{"x":606,"y":2744,"w":92,"h":38,"offX":0,"offY":0,"sourceW":92,"sourceH":38},
"jiangbei_png":{"x":1935,"y":1466,"w":102,"h":67,"offX":0,"offY":0,"sourceW":102,"sourceH":67},
"jubaopen_png":{"x":1932,"y":3370,"w":92,"h":37,"offX":0,"offY":0,"sourceW":92,"sourceH":37},
"lan_png":{"x":1,"y":2802,"w":854,"h":141,"offX":0,"offY":0,"sourceW":854,"sourceH":141},
"lingqu_png":{"x":1807,"y":3233,"w":147,"h":67,"offX":0,"offY":0,"sourceW":147,"sourceH":67},
"lingquGray_png":{"x":1132,"y":3025,"w":147,"h":67,"offX":0,"offY":0,"sourceW":147,"sourceH":67},
"m1_png":{"x":1584,"y":2320,"w":86,"h":60,"offX":39,"offY":35,"sourceW":156,"sourceH":122},
"m2_png":{"x":1935,"y":1368,"w":88,"h":96,"offX":39,"offY":17,"sourceW":156,"sourceH":122},
"m3_png":{"x":1658,"y":3077,"w":113,"h":95,"offX":28,"offY":19,"sourceW":156,"sourceH":122},
"m4_png":{"x":1730,"y":2980,"w":115,"h":95,"offX":28,"offY":19,"sourceW":156,"sourceH":122},
"m5_png":{"x":857,"y":2943,"w":130,"h":94,"offX":17,"offY":18,"sourceW":156,"sourceH":122},
"m6_png":{"x":1039,"y":2384,"w":128,"h":99,"offX":18,"offY":17,"sourceW":156,"sourceH":122},
"m7_png":{"x":993,"y":2991,"w":137,"h":112,"offX":10,"offY":0,"sourceW":156,"sourceH":122},
"m8_png":{"x":1438,"y":2816,"w":156,"h":122,"offX":0,"offY":0,"sourceW":156,"sourceH":122},
"manji_png":{"x":1132,"y":3094,"w":147,"h":67,"offX":0,"offY":0,"sourceW":147,"sourceH":67},
"MAX_png":{"x":1591,"y":1506,"w":58,"h":25,"offX":0,"offY":0,"sourceW":58,"sourceH":25},
"Price_png":{"x":1763,"y":3302,"w":73,"h":74,"offX":0,"offY":0,"sourceW":73,"sourceH":74},
"recharge_png":{"x":1600,"y":3170,"w":49,"h":52,"offX":0,"offY":0,"sourceW":49,"sourceH":52},
"shengji_png":{"x":1807,"y":3164,"w":147,"h":67,"offX":0,"offY":0,"sourceW":147,"sourceH":67},
"tianfu-jubaopen_png":{"x":1281,"y":3143,"w":81,"h":77,"offX":2,"offY":4,"sourceW":88,"sourceH":86},
"tianfu-liliang_png":{"x":1412,"y":3084,"w":81,"h":78,"offX":3,"offY":4,"sourceW":88,"sourceH":86},
"tianfu-tuying_png":{"x":1952,"y":2512,"w":88,"h":81,"offX":0,"offY":4,"sourceW":88,"sourceH":86},
"tianfu-tuzhiying_png":{"x":1,"y":2945,"w":92,"h":37,"offX":0,"offY":0,"sourceW":92,"sourceH":37},
"tianfu-xiongzhishou_png":{"x":1932,"y":3330,"w":92,"h":38,"offX":0,"offY":0,"sourceW":92,"sourceH":38},
"tianfu-zhiming_png":{"x":1956,"y":3164,"w":85,"h":81,"offX":1,"offY":4,"sourceW":88,"sourceH":86},
"tianfu_png":{"x":1901,"y":2226,"w":145,"h":81,"offX":0,"offY":0,"sourceW":145,"sourceH":81},
"tianfuBuy_png":{"x":1308,"y":3015,"w":147,"h":67,"offX":0,"offY":0,"sourceW":147,"sourceH":67},
"tianfuPanel_png":{"x":1160,"y":2793,"w":42,"h":57,"offX":0,"offY":0,"sourceW":42,"sourceH":57},
"battle_1_cloud_1_png":{"x":1596,"y":2752,"w":206,"h":92,"offX":0,"offY":0,"sourceW":206,"sourceH":92},
"battle_1_cloud_2_png":{"x":1591,"y":1814,"w":130,"h":58,"offX":0,"offY":0,"sourceW":130,"sourceH":58},
"battle_1_light_png":{"x":1591,"y":1535,"w":293,"h":277,"offX":0,"offY":0,"sourceW":293,"sourceH":277},
"battle_2_cloud_1_png":{"x":1804,"y":2799,"w":206,"h":92,"offX":0,"offY":0,"sourceW":206,"sourceH":92},
"battle_2_cloud_2_png":{"x":1723,"y":1814,"w":130,"h":58,"offX":0,"offY":0,"sourceW":130,"sourceH":58},
"battle_3_cloud_1_png":{"x":1452,"y":2320,"w":130,"h":58,"offX":0,"offY":0,"sourceW":130,"sourceH":58},
"battle_3_cloud_2_png":{"x":487,"y":1298,"w":206,"h":92,"offX":0,"offY":0,"sourceW":206,"sourceH":92},
"battle_3_moon_png":{"x":1658,"y":2986,"w":69,"h":75,"offX":0,"offY":0,"sourceW":69,"sourceH":75},
"battle_3_star_png":{"x":1051,"y":2073,"w":884,"h":151,"offX":0,"offY":0,"sourceW":884,"sourceH":151},
"tower_1_png":{"x":857,"y":2753,"w":134,"h":188,"offX":0,"offY":0,"sourceW":134,"sourceH":188},
"tower_2_png":{"x":1833,"y":2609,"w":118,"h":188,"offX":0,"offY":0,"sourceW":118,"sourceH":188},
"tower_3_png":{"x":1302,"y":2501,"w":134,"h":193,"offX":0,"offY":0,"sourceW":134,"sourceH":193},
"enemy101_png":{"x":715,"y":2384,"w":322,"h":244,"offX":1,"offY":1,"sourceW":324,"sourceH":246},
"enemy201_png":{"x":1452,"y":2384,"w":218,"h":285,"offX":1,"offY":1,"sourceW":220,"sourceH":287},
"enemy301_png":{"x":1682,"y":1035,"w":251,"h":498,"offX":1,"offY":1,"sourceW":253,"sourceH":500},
"enemy401_png":{"x":1,"y":1856,"w":440,"h":484,"offX":1,"offY":1,"sourceW":442,"sourceH":486},
"enemy501_png":{"x":1182,"y":1035,"w":498,"h":469,"offX":1,"offY":1,"sourceW":500,"sourceH":471},
"enemy601_png":{"x":711,"y":769,"w":469,"h":624,"offX":1,"offY":1,"sourceW":471,"sourceH":626},
"bullet_png":{"x":695,"y":1298,"w":12,"h":50,"offX":0,"offY":0,"sourceW":12,"sourceH":50},
"shade_png":{"x":1281,"y":3084,"w":129,"h":57,"offX":2,"offY":0,"sourceW":133,"sourceH":57},
"skill1_png":{"x":1935,"y":2419,"w":108,"h":91,"offX":3,"offY":5,"sourceW":111,"sourceH":99},
"skill101_png":{"x":1051,"y":1395,"w":118,"h":108,"offX":4,"offY":2,"sourceW":122,"sourceH":112},
"skill102_png":{"x":1886,"y":1702,"w":152,"h":157,"offX":34,"offY":31,"sourceW":220,"sourceH":220},
"skill1mark_png":{"x":1596,"y":2846,"w":132,"h":138,"offX":0,"offY":0,"sourceW":132,"sourceH":138},
"skill2_png":{"x":1,"y":2342,"w":456,"h":458,"offX":1,"offY":1,"sourceW":458,"sourceH":460},
"skill3_png":{"x":1211,"y":1,"w":798,"h":503,"offX":1,"offY":1,"sourceW":800,"sourceH":505},
"skill4_png":{"x":1,"y":1298,"w":484,"h":556,"offX":1,"offY":1,"sourceW":486,"sourceH":558},
"tip_critical_png":{"x":993,"y":2793,"w":165,"h":97,"offX":0,"offY":0,"sourceW":165,"sourceH":97},
"tip_seckill_png":{"x":993,"y":2892,"w":165,"h":97,"offX":0,"offY":0,"sourceW":165,"sourceH":97}}}