{
	"alpha": {
		"start": 0.01,
		"end": 0.9
	},
	"scale": {
		"start": 3,
		"end": 0.1,
		"minimumScaleMultiplier": 1
	},
	"color": {
		"start": "#00f2ff",
		"end": "#0060f0"
	},
	"speed": {
		"start": 0,
		"end": 0,
		"minimumSpeedMultiplier": 1
	},
	"acceleration": {
		"x": 0,
		"y": 0
	},
	"maxSpeed": 0,
	"startRotation": {
		"min": 0,
		"max": 0
	},
	"noRotation": false,
	"rotationSpeed": {
		"min": 0,
		"max": 0
	},
	"lifetime": {
		"min": 1.5,
		"max": 1.5
	},
	"blendMode": "add",
	"frequency": 0.66,
	"emitterLifetime": -1,
	"maxParticles": 3,
	"pos": {
		"x": 0,
		"y": 0
	},
	"addAtBack": false,
	"spawnType": "circle",
	"spawnCircle": {
		"x": 0,
		"y": 0,
		"r": 0
	}
}