{
	"alpha": {
		"start": 1,
		"end": 0
	},
	"scale": {
		"start": 1,
		"end": 0.001,
		"minimumScaleMultiplier": 2.5
	},
	"color": {
		"start": "#fa8500",
		"end": "#ff0000"
	},
	"speed": {
		"start": 1000,
		"end": -200
	},
	"acceleration": {
		"x": 0,
		"y": 0
	},
	"startRotation": {
		"min": 0,
		"max": 360
	},
	"rotationSpeed": {
		"min": 0,
		"max": 0
	},
	"lifetime": {
		"min": 0.4,
		"max": 0.8
	},
	"blendMode": "add",
	"frequency": 0.09,
	"emitterLifetime": 0.3,
	"maxParticles": 40,
	"pos": {
		"x": 0,
		"y": 0
	},
	"addAtBack": false,
	"spawnType": "burst",
	"particlesPerWave": 12,
	"particleSpacing": 0,
	"angleStart": 0
}