{
	"alpha": {
		"start": 1,
		"end": 0
	},
	"scale": {
		"start": 0.1,
		"end": 0.8,
		"minimumScaleMultiplier": 3
	},
	"color": {
		"start": "#000000",
		"end": "#3b3a39"
	},
	"speed": {
		"start": 50,
		"end": 0
	},
	"acceleration": {
		"x": 0,
		"y": 0
	},
	"startRotation": {
		"min": 0,
		"max": 360
	},
	"rotationSpeed": {
		"min": -180,
		"max": 180
	},
	"lifetime": {
		"min": 0.5,
		"max": 1.5
	},
	"blendMode": "add",
	"frequency": 0.005,
	"emitterLifetime": -1,
	"maxParticles": 20,
	"pos": {
		"x": 0,
		"y": 0
	},
	"addAtBack": false,
	"spawnType": "circle",
	"spawnCircle": {
		"x": 0,
		"y": 0,
		"r": 50
	}
}