{
	"alpha": {
		"start": 1,
		"end": 0
	},
	"scale": {
		"start": 0.1,
		"end": 1,
		"minimumScaleMultiplier": 1
	},
	"color": {
		"start": "#ff9100",
		"end": "#ff0000"
	},
	"speed": {
		"start": 0,
		"end": 0,
		"minimumSpeedMultiplier": 1
	},
	"acceleration": {
		"x": 0,
		"y": 0
	},
	"maxSpeed": 0,
	"startRotation": {
		"min": 0,
		"max": 0
	},
	"noRotation": false,
	"rotationSpeed": {
		"min": 0,
		"max": 0
	},
	"lifetime": {
		"min": 0.66,
		"max": 0.66
	},
	"blendMode": "add",
	"frequency": 0.2,
	"emitterLifetime": -1,
	"maxParticles": 7,
	"pos": {
		"x": 0,
		"y": 0
	},
	"addAtBack": false,
	"spawnType": "circle",
	"spawnCircle": {
		"x": 0,
		"y": 0,
		"r": 0
	}
}