[{"blood":200,"name":"猪山山（小兵）","speed":1,"gold":5,"id":1,"resId":101},{"blood":350,"name":"野猪（小队长）","speed":1.3,"gold":10,"id":2,"resId":201},{"blood":800,"name":"猪罗罗（中队长）","speed":0.8,"gold":15,"id":3,"resId":301},{"blood":1000,"name":"猪唠唠（大队长）","speed":0.7,"gold":20,"id":4,"resId":401},{"blood":2200,"name":"笨猪（参谋）","speed":1.5,"gold":25,"id":5,"resId":501},{"blood":5000,"name":"猪王（将军）","speed":0.5,"gold":30,"id":6,"resId":601}]