[{"difficultyID":"1","isBoss":false,"id":1,"resId":1,"enemy":[[1,1,1,1,1],[1,1,1,1,1],[1,1,1,1,1],[1,1,1,1,1],[1,1,1,1,2]]},{"difficultyID":"1.1","isBoss":false,"id":2,"resId":2,"enemy":[[1,1,1,1,2],[1,1,1,1,2],[1,1,1,1,2],[1,1,1,1,2],[1,1,1,1,2]]},{"difficultyID":"1.2","isBoss":false,"id":3,"resId":3,"enemy":[[1,1,1,1,2],[1,1,1,1,2],[1,1,1,1,2],[1,1,1,1,2],[1,1,1,1,2]]},{"difficultyID":"1.3","isBoss":false,"id":4,"resId":1,"enemy":[[1,1,1,1,2],[1,1,1,1,2],[1,1,1,1,2],[1,1,1,1,2],[1,1,1,1,2]]},{"difficultyID":"1.4","isBoss":true,"id":5,"resId":2,"enemy":[[1,1,1,1,2],[1,1,1,1,2],[1,1,1,1,2],[1,1,1,1,2],[1,1,1,1,3]]},{"difficultyID":"1.5","isBoss":false,"id":6,"resId":3,"enemy":[[1,1,1,2,2],[1,1,1,2,2],[1,1,1,2,2],[1,1,1,2,2],[1,1,1,2,2],[1,1,1,2,2],[1,1,1,2,2],[1,1,1,2,2],[1,1,1,2,2],[1,1,1,2,2]]},{"difficultyID":"1.6","isBoss":false,"id":7,"resId":1,"enemy":[[1,1,1,2,2],[1,1,1,2,2],[1,1,1,2,2],[1,1,1,2,2],[1,1,1,2,2],[1,1,1,2,2],[1,1,1,2,2],[1,1,1,2,2],[1,1,1,2,2],[1,1,1,2,2]]},{"difficultyID":"1.7","isBoss":false,"id":8,"resId":2,"enemy":[[1,1,1,2,2],[1,1,1,2,2],[1,1,1,2,2],[1,1,1,2,2],[1,1,1,2,2],[1,1,1,2,2],[1,1,1,2,2],[1,1,1,2,2],[1,1,1,2,2],[1,1,1,2,2]]},{"difficultyID":"1.8","isBoss":false,"id":9,"resId":3,"enemy":[[1,1,1,2,2],[1,1,1,2,2],[1,1,1,2,2],[1,1,1,2,2],[1,1,1,2,2],[1,1,1,2,2],[1,1,1,2,2],[1,1,1,2,2],[1,1,1,2,2],[1,1,1,2,2]]},{"difficultyID":"1.9","isBoss":true,"id":10,"resId":1,"enemy":[[1,1,1,2,2],[1,1,1,2,2],[1,1,1,2,2],[1,1,1,2,2],[1,1,1,2,2],[1,1,1,2,2],[1,1,1,2,2],[1,1,1,2,2],[1,1,1,2,2],[1,1,1,2,2]]},{"difficultyID":"2","isBoss":false,"id":11,"resId":2,"enemy":[[1,1,1,2,2],[1,1,1,2,2],[1,1,1,2,3],[1,1,1,2,3],[1,1,1,2,3],[1,1,1,2,2],[1,1,1,2,2],[1,1,1,2,3],[1,1,1,2,3],[1,1,1,2,3],[1,1,1,2,2],[1,1,1,2,2],[1,1,1,2,3],[1,1,1,2,3],[1,1,1,2,3]]},{"difficultyID":"2.1","isBoss":false,"id":12,"resId":3,"enemy":[[1,1,1,2,2],[1,1,1,2,2],[1,1,1,2,3],[1,1,1,2,3],[1,1,1,2,3],[1,1,1,2,2],[1,1,1,2,2],[1,1,1,2,3],[1,1,1,2,3],[1,1,1,2,3],[1,1,1,2,2],[1,1,1,2,2],[1,1,1,2,3],[1,1,1,2,3],[1,1,1,2,3]]},{"difficultyID":"2.2","isBoss":false,"id":13,"resId":1,"enemy":[[1,1,1,2,2],[1,1,1,2,2],[1,1,1,2,3],[1,1,1,2,3],[1,1,1,2,3],[1,1,1,2,2],[1,1,1,2,2],[1,1,1,2,3],[1,1,1,2,3],[1,1,1,2,3],[1,1,1,2,2],[1,1,1,2,2],[1,1,1,2,3],[1,1,1,2,3],[1,1,1,2,3]]},{"difficultyID":"2.3","isBoss":false,"id":14,"resId":2,"enemy":[[1,1,1,2,2],[1,1,1,2,2],[1,1,1,2,3],[1,1,1,2,3],[1,1,1,2,3],[1,1,1,2,2],[1,1,1,2,2],[1,1,1,2,3],[1,1,1,2,3],[1,1,1,2,3],[1,1,1,2,2],[1,1,1,2,2],[1,1,1,2,3],[1,1,1,2,3],[1,1,1,2,3]]},{"difficultyID":"2.4","isBoss":true,"id":15,"resId":3,"enemy":[[1,1,1,2,2],[1,1,1,2,2],[1,1,1,2,3],[1,1,1,2,3],[1,1,1,2,3],[1,1,1,2,2],[1,1,1,2,2],[1,1,1,2,3],[1,1,1,2,3],[1,1,1,2,3],[1,1,1,2,2],[1,1,1,2,2],[1,1,1,2,3],[1,1,1,2,3],[1,1,1,2,3]]},{"difficultyID":"2.5","isBoss":false,"id":16,"resId":1,"enemy":[[1,1,1,2,2],[1,1,1,2,2],[1,1,1,2,3],[1,1,1,2,3],[1,1,1,2,3],[1,1,1,2,2],[1,1,1,2,2],[1,1,1,2,3],[1,1,1,2,3],[1,1,1,2,3],[1,1,1,2,2],[1,1,1,2,2],[1,1,1,2,3],[1,1,1,2,3],[1,1,1,2,3]]},{"difficultyID":"2.6","isBoss":false,"id":17,"resId":2,"enemy":[[1,1,1,2,2],[1,1,1,2,2],[1,1,1,2,3],[1,1,1,2,3],[1,1,1,2,3],[1,1,1,2,2],[1,1,1,2,2],[1,1,1,2,3],[1,1,1,2,3],[1,1,1,2,3],[1,1,1,2,2],[1,1,1,2,2],[1,1,1,2,3],[1,1,1,2,3],[1,1,1,2,3]]},{"difficultyID":"2.7","isBoss":false,"id":18,"resId":3,"enemy":[[1,1,1,2,2],[1,1,1,2,2],[1,1,1,2,3],[1,1,1,2,3],[1,1,1,2,3],[1,1,1,2,2],[1,1,1,2,2],[1,1,1,2,3],[1,1,1,2,3],[1,1,1,2,3],[1,1,1,2,2],[1,1,1,2,2],[1,1,1,2,3],[1,1,1,2,3],[1,1,1,2,3]]},{"difficultyID":"2.8","isBoss":false,"id":19,"resId":1,"enemy":[[1,1,1,2,2],[1,1,1,2,2],[1,1,1,2,3],[1,1,1,2,3],[1,1,1,2,3],[1,1,1,2,2],[1,1,1,2,2],[1,1,1,2,3],[1,1,1,2,3],[1,1,1,2,3],[1,1,1,2,2],[1,1,1,2,2],[1,1,1,2,3],[1,1,1,2,3],[1,1,1,2,3]]},{"difficultyID":"2.9","isBoss":true,"id":20,"resId":2,"enemy":[[1,1,1,2,2],[1,1,1,2,2],[1,1,1,2,3],[1,1,1,2,3],[1,1,1,2,3],[1,1,1,2,2],[1,1,1,2,2],[1,1,1,2,3],[1,1,1,2,3],[1,1,1,2,3],[1,1,1,2,2],[1,1,1,2,2],[1,1,1,2,3],[1,1,1,2,3],[1,1,1,2,3]]},{"difficultyID":"3","isBoss":false,"id":21,"resId":3,"enemy":[[1,1,1,2,2],[1,1,1,2,2],[1,1,2,3,3],[1,1,2,3,3],[1,1,2,3,3],[1,1,2,3,3],[1,1,1,2,2],[1,1,1,2,2],[1,1,2,3,3],[1,1,2,3,3],[1,1,2,3,3],[1,1,2,3,3],[1,1,1,2,2],[1,1,1,2,2],[1,1,2,3,3],[1,1,2,3,3],[1,1,2,3,3],[1,1,2,3,3]]},{"difficultyID":"3.1","isBoss":false,"id":22,"resId":1,"enemy":[[1,1,1,2,2],[1,1,1,2,2],[1,1,2,3,3],[1,1,2,3,3],[1,1,2,3,3],[1,1,2,3,3],[1,1,1,2,2],[1,1,1,2,2],[1,1,2,3,3],[1,1,2,3,3],[1,1,2,3,3],[1,1,2,3,3],[1,1,1,2,2],[1,1,1,2,2],[1,1,2,3,3],[1,1,2,3,3],[1,1,2,3,3],[1,1,2,3,3]]},{"difficultyID":"3.2","isBoss":false,"id":23,"resId":2,"enemy":[[1,1,1,2,2],[1,1,1,2,2],[1,1,2,3,3],[1,1,2,3,3],[1,1,2,3,3],[1,1,2,3,3],[1,1,1,2,2],[1,1,1,2,2],[1,1,2,3,3],[1,1,2,3,3],[1,1,2,3,3],[1,1,2,3,3],[1,1,1,2,2],[1,1,1,2,2],[1,1,2,3,3],[1,1,2,3,3],[1,1,2,3,3],[1,1,2,3,3]]},{"difficultyID":"3.3","isBoss":false,"id":24,"resId":3,"enemy":[[1,1,1,2,2],[1,1,1,2,2],[1,1,2,3,3],[1,1,2,3,3],[1,1,2,3,3],[1,1,2,3,3],[1,1,1,2,2],[1,1,1,2,2],[1,1,2,3,3],[1,1,2,3,3],[1,1,2,3,3],[1,1,2,3,3],[1,1,1,2,2],[1,1,1,2,2],[1,1,2,3,3],[1,1,2,3,3],[1,1,2,3,3],[1,1,2,3,3]]},{"difficultyID":"3.4","isBoss":true,"id":25,"resId":1,"enemy":[[1,1,1,2,2],[1,1,1,2,2],[1,1,2,3,3],[1,1,2,3,3],[1,1,2,3,3],[1,1,2,3,3],[1,1,1,2,2],[1,1,1,2,2],[1,1,2,3,3],[1,1,2,3,3],[1,1,2,3,3],[1,1,2,3,3],[1,1,1,2,2],[1,1,1,2,2],[1,1,2,3,3],[1,1,2,3,3],[1,1,2,3,3],[1,1,2,3,3]]},{"difficultyID":"3.5","isBoss":false,"id":26,"resId":2,"enemy":[[1,1,1,2,2],[1,1,1,2,2],[1,1,2,3,3],[1,1,2,3,3],[1,1,2,3,3],[1,1,2,3,3],[1,1,1,2,2],[1,1,1,2,2],[1,1,2,3,3],[1,1,2,3,3],[1,1,2,3,3],[1,1,2,3,3],[1,1,1,2,2],[1,1,1,2,2],[1,1,2,3,3],[1,1,2,3,3],[1,1,2,3,3],[1,1,2,3,3]]},{"difficultyID":"3.6","isBoss":false,"id":27,"resId":3,"enemy":[[1,1,1,2,2],[1,1,1,2,2],[1,1,2,3,3],[1,1,2,3,3],[1,1,2,3,3],[1,1,2,3,3],[1,1,1,2,2],[1,1,1,2,2],[1,1,2,3,3],[1,1,2,3,3],[1,1,2,3,3],[1,1,2,3,3],[1,1,1,2,2],[1,1,1,2,2],[1,1,2,3,3],[1,1,2,3,3],[1,1,2,3,3],[1,1,2,3,3]]},{"difficultyID":"3.7","isBoss":false,"id":28,"resId":1,"enemy":[[1,1,1,2,2],[1,1,1,2,2],[1,1,2,3,3],[1,1,2,3,3],[1,1,2,3,3],[1,1,2,3,3],[1,1,1,2,2],[1,1,1,2,2],[1,1,2,3,3],[1,1,2,3,3],[1,1,2,3,3],[1,1,2,3,3],[1,1,1,2,2],[1,1,1,2,2],[1,1,2,3,3],[1,1,2,3,3],[1,1,2,3,3],[1,1,2,3,3]]},{"difficultyID":"3.8","isBoss":false,"id":29,"resId":2,"enemy":[[1,1,1,2,2],[1,1,1,2,2],[1,1,2,3,3],[1,1,2,3,3],[1,1,2,3,3],[1,1,2,3,3],[1,1,1,2,2],[1,1,1,2,2],[1,1,2,3,3],[1,1,2,3,3],[1,1,2,3,3],[1,1,2,3,3],[1,1,1,2,2],[1,1,1,2,2],[1,1,2,3,3],[1,1,2,3,3],[1,1,2,3,3],[1,1,2,3,3]]},{"difficultyID":"3.9","isBoss":true,"id":30,"resId":3,"enemy":[[1,1,1,2,2],[1,1,1,2,2],[1,1,2,3,3],[1,1,2,3,3],[1,1,2,3,3],[1,1,2,3,3],[1,1,1,2,2],[1,1,1,2,2],[1,1,2,3,3],[1,1,2,3,3],[1,1,2,3,3],[1,1,2,3,3],[1,1,1,2,2],[1,1,1,2,2],[1,1,2,3,3],[1,1,2,3,3],[1,1,2,3,3],[1,1,2,3,3]]},{"difficultyID":"4","isBoss":false,"id":31,"resId":1,"enemy":[[1,2,2,3,3],[1,2,2,3,3],[1,2,2,3,3],[1,2,2,3,3],[1,2,2,3,3],[1,2,2,3,3],[1,2,2,3,3],[1,2,2,3,3],[1,2,2,3,3],[1,2,2,3,3],[1,2,2,3,3],[1,2,2,3,3],[1,2,2,3,3],[1,2,2,3,3],[1,2,2,3,3]]},{"difficultyID":"4.1","isBoss":false,"id":32,"resId":2,"enemy":[[1,2,2,3,3],[1,2,2,3,3],[1,2,2,3,3],[1,2,2,3,3],[1,2,2,3,3],[1,2,2,3,3],[1,2,2,3,3],[1,2,2,3,3],[1,2,2,3,3],[1,2,2,3,3],[1,2,2,3,3],[1,2,2,3,3],[1,2,2,3,3],[1,2,2,3,3],[1,2,2,3,3]]},{"difficultyID":"4.2","isBoss":false,"id":33,"resId":3,"enemy":[[1,2,2,3,3],[1,2,2,3,3],[1,2,2,3,3],[1,2,2,3,3],[1,2,2,3,3],[1,2,2,3,3],[1,2,2,3,3],[1,2,2,3,3],[1,2,2,3,3],[1,2,2,3,3],[1,2,2,3,3],[1,2,2,3,3],[1,2,2,3,3],[1,2,2,3,3],[1,2,2,3,3]]},{"difficultyID":"4.3","isBoss":false,"id":34,"resId":1,"enemy":[[1,2,2,3,3],[1,2,2,3,3],[1,2,2,3,3],[1,2,2,3,3],[1,2,2,3,3],[1,2,2,3,3],[1,2,2,3,3],[1,2,2,3,3],[1,2,2,3,3],[1,2,2,3,3],[1,2,2,3,3],[1,2,2,3,3],[1,2,2,3,3],[1,2,2,3,3],[1,2,2,3,3]]},{"difficultyID":"4.4","isBoss":true,"id":35,"resId":2,"enemy":[[1,2,2,3,3],[1,2,2,3,3],[1,2,2,3,3],[1,2,2,3,3],[1,2,2,3,3],[1,2,2,3,3],[1,2,2,3,3],[1,2,2,3,3],[1,2,2,3,3],[1,2,2,3,3],[1,2,2,3,3],[1,2,2,3,3],[1,2,2,3,3],[1,2,2,3,3],[1,2,2,3,3]]},{"difficultyID":"5","isBoss":false,"id":36,"resId":3,"enemy":[[2,2,2,3,4],[2,2,2,3,4],[2,2,2,3,4],[2,2,2,3,4],[2,2,2,3,4],[2,2,2,3,4],[2,2,2,3,4],[2,2,2,3,4],[2,2,2,3,4],[2,2,2,3,4],[2,2,2,3,4],[2,2,2,3,4],[2,2,2,3,4],[2,2,2,3,4],[2,2,2,3,4]]},{"difficultyID":"5.1","isBoss":false,"id":37,"resId":1,"enemy":[[2,2,2,3,4],[2,2,2,3,4],[2,2,2,3,4],[2,2,2,3,4],[2,2,2,3,4],[2,2,2,3,4],[2,2,2,3,4],[2,2,2,3,4],[2,2,2,3,4],[2,2,2,3,4],[2,2,2,3,4],[2,2,2,3,4],[2,2,2,3,4],[2,2,2,3,4],[2,2,2,3,4]]},{"difficultyID":"5.2","isBoss":false,"id":38,"resId":2,"enemy":[[2,2,2,3,4],[2,2,2,3,4],[2,2,2,3,4],[2,2,2,3,4],[2,2,2,3,4],[2,2,2,3,4],[2,2,2,3,4],[2,2,2,3,4],[2,2,2,3,4],[2,2,2,3,4],[2,2,2,3,4],[2,2,2,3,4],[2,2,2,3,4],[2,2,2,3,4],[2,2,2,3,4]]},{"difficultyID":"5.3","isBoss":false,"id":39,"resId":3,"enemy":[[2,2,2,3,4],[2,2,2,3,4],[2,2,2,3,4],[2,2,2,3,4],[2,2,2,3,4],[2,2,2,3,4],[2,2,2,3,4],[2,2,2,3,4],[2,2,2,3,4],[2,2,2,3,4],[2,2,2,3,4],[2,2,2,3,4],[2,2,2,3,4],[2,2,2,3,4],[2,2,2,3,4]]},{"difficultyID":"5.4","isBoss":true,"id":40,"resId":1,"enemy":[[2,2,2,3,4],[2,2,2,3,4],[2,2,2,3,4],[2,2,2,3,4],[2,2,2,3,4],[2,2,2,3,4],[2,2,2,3,4],[2,2,2,3,4],[2,2,2,3,4],[2,2,2,3,4],[2,2,2,3,4],[2,2,2,3,4],[2,2,2,3,4],[2,2,2,3,4],[2,2,2,3,4]]},{"difficultyID":"5","isBoss":false,"id":41,"resId":2,"enemy":[[2,3,3,4,4],[2,3,3,4,4],[2,3,3,4,4],[2,3,3,4,4],[2,3,3,4,4],[2,3,3,4,4],[2,3,3,4,4],[2,3,3,4,4],[2,3,3,4,4],[2,3,3,4,4],[2,3,3,4,4],[2,3,3,4,4],[2,3,3,4,4],[2,3,3,4,4],[2,3,3,4,4]]},{"difficultyID":"5.1","isBoss":false,"id":42,"resId":3,"enemy":[[2,3,3,4,4],[2,3,3,4,4],[2,3,3,4,4],[2,3,3,4,4],[2,3,3,4,4],[2,3,3,4,4],[2,3,3,4,4],[2,3,3,4,4],[2,3,3,4,4],[2,3,3,4,4],[2,3,3,4,4],[2,3,3,4,4],[2,3,3,4,4],[2,3,3,4,4],[2,3,3,4,4]]},{"difficultyID":"5.2","isBoss":false,"id":43,"resId":1,"enemy":[[2,3,3,4,4],[2,3,3,4,4],[2,3,3,4,4],[2,3,3,4,4],[2,3,3,4,4],[2,3,3,4,4],[2,3,3,4,4],[2,3,3,4,4],[2,3,3,4,4],[2,3,3,4,4],[2,3,3,4,4],[2,3,3,4,4],[2,3,3,4,4],[2,3,3,4,4],[2,3,3,4,4]]},{"difficultyID":"5.3","isBoss":false,"id":44,"resId":2,"enemy":[[2,3,3,4,4],[2,3,3,4,4],[2,3,3,4,4],[2,3,3,4,4],[2,3,3,4,4],[2,3,3,4,4],[2,3,3,4,4],[2,3,3,4,4],[2,3,3,4,4],[2,3,3,4,4],[2,3,3,4,4],[2,3,3,4,4],[2,3,3,4,4],[2,3,3,4,4],[2,3,3,4,4]]},{"difficultyID":"5.4","isBoss":true,"id":45,"resId":3,"enemy":[[2,3,3,4,4],[2,3,3,4,4],[2,3,3,4,4],[2,3,3,4,4],[2,3,3,4,4],[2,3,3,4,4],[2,3,3,4,4],[2,3,3,4,4],[2,3,3,4,4],[2,3,3,4,4],[2,3,3,4,4],[2,3,3,4,4],[2,3,3,4,4],[2,3,3,4,4],[2,3,3,4,4]]},{"difficultyID":"5","isBoss":false,"id":46,"resId":1,"enemy":[[3,3,3,4,5],[3,3,3,4,5],[3,3,3,4,5],[3,3,3,4,5],[3,3,3,4,5],[3,3,3,4,5],[3,3,3,4,5],[3,3,3,4,5],[3,3,3,4,5],[3,3,3,4,5],[3,3,3,4,5],[3,3,3,4,5],[3,3,3,4,5],[3,3,3,4,5],[3,3,3,4,5]]},{"difficultyID":"5.1","isBoss":false,"id":47,"resId":2,"enemy":[[3,3,3,4,5],[3,3,3,4,5],[3,3,3,4,5],[3,3,3,4,5],[3,3,3,4,5],[3,3,3,4,5],[3,3,3,4,5],[3,3,3,4,5],[3,3,3,4,5],[3,3,3,4,5],[3,3,3,4,5],[3,3,3,4,5],[3,3,3,4,5],[3,3,3,4,5],[3,3,3,4,5]]},{"difficultyID":"5.2","isBoss":false,"id":48,"resId":3,"enemy":[[3,3,3,4,5],[3,3,3,4,5],[3,3,3,4,5],[3,3,3,4,5],[3,3,3,4,5],[3,3,3,4,5],[3,3,3,4,5],[3,3,3,4,5],[3,3,3,4,5],[3,3,3,4,5],[3,3,3,4,5],[3,3,3,4,5],[3,3,3,4,5],[3,3,3,4,5],[3,3,3,4,5]]},{"difficultyID":"5.3","isBoss":false,"id":49,"resId":1,"enemy":[[3,3,3,4,5],[3,3,3,4,5],[3,3,3,4,5],[3,3,3,4,5],[3,3,3,4,5],[3,3,3,4,5],[3,3,3,4,5],[3,3,3,4,5],[3,3,3,4,5],[3,3,3,4,5],[3,3,3,4,5],[3,3,3,4,5],[3,3,3,4,5],[3,3,3,4,5],[3,3,3,4,5]]},{"difficultyID":"5.4","isBoss":true,"id":50,"resId":2,"enemy":[[3,3,3,4,5],[3,3,3,4,5],[3,3,3,4,5],[3,3,3,4,5],[3,3,3,4,5],[3,3,3,4,5],[3,3,3,4,5],[3,3,3,4,5],[3,3,3,4,5],[3,3,3,4,5],[3,3,3,4,5],[3,3,3,4,5],[3,3,3,4,5],[3,3,3,4,5],[3,3,3,4,5]]},{"difficultyID":"5","isBoss":false,"id":51,"resId":3,"enemy":[[3,4,5,5,6],[3,4,5,5,6],[3,4,5,5,6],[3,4,5,5,6],[3,4,5,5,6],[3,4,5,5,6],[3,4,5,5,6],[3,4,5,5,6],[3,4,5,5,6],[3,4,5,5,6],[3,4,5,5,6],[3,4,5,5,6],[3,4,5,5,6],[3,4,5,5,6],[3,4,5,5,6]]},{"difficultyID":"5.1","isBoss":false,"id":52,"resId":1,"enemy":[[3,4,5,5,6],[3,4,5,5,6],[3,4,5,5,6],[3,4,5,5,6],[3,4,5,5,6],[3,4,5,5,6],[3,4,5,5,6],[3,4,5,5,6],[3,4,5,5,6],[3,4,5,5,6],[3,4,5,5,6],[3,4,5,5,6],[3,4,5,5,6],[3,4,5,5,6],[3,4,5,5,6]]},{"difficultyID":"5.2","isBoss":false,"id":53,"resId":2,"enemy":[[3,4,5,5,6],[3,4,5,5,6],[3,4,5,5,6],[3,4,5,5,6],[3,4,5,5,6],[3,4,5,5,6],[3,4,5,5,6],[3,4,5,5,6],[3,4,5,5,6],[3,4,5,5,6],[3,4,5,5,6],[3,4,5,5,6],[3,4,5,5,6],[3,4,5,5,6],[3,4,5,5,6]]},{"difficultyID":"5.3","isBoss":false,"id":54,"resId":3,"enemy":[[3,4,5,5,6],[3,4,5,5,6],[3,4,5,5,6],[3,4,5,5,6],[3,4,5,5,6],[3,4,5,5,6],[3,4,5,5,6],[3,4,5,5,6],[3,4,5,5,6],[3,4,5,5,6],[3,4,5,5,6],[3,4,5,5,6],[3,4,5,5,6],[3,4,5,5,6],[3,4,5,5,6]]},{"difficultyID":"5.4","isBoss":true,"id":55,"resId":1,"enemy":[[3,4,5,5,6],[3,4,5,5,6],[3,4,5,5,6],[3,4,5,5,6],[3,4,5,5,6],[3,4,5,5,6],[3,4,5,5,6],[3,4,5,5,6],[3,4,5,5,6],[3,4,5,5,6],[3,4,5,5,6],[3,4,5,5,6],[3,4,5,5,6],[3,4,5,5,6],[3,4,5,5,6]]},{"difficultyID":"5","isBoss":false,"id":56,"resId":2,"enemy":[[4,4,5,5,6],[4,4,5,5,6],[4,4,5,5,6],[4,4,5,5,6],[4,4,5,5,6],[4,4,5,5,6],[4,4,5,5,6],[4,4,5,5,6],[4,4,5,5,6],[4,4,5,5,6],[4,4,5,5,6],[4,4,5,5,6],[4,4,5,5,6],[4,4,5,5,6],[4,4,5,5,6]]},{"difficultyID":"5.1","isBoss":false,"id":57,"resId":3,"enemy":[[4,4,5,5,6],[4,4,5,5,6],[4,4,5,5,6],[4,4,5,5,6],[4,4,5,5,6],[4,4,5,5,6],[4,4,5,5,6],[4,4,5,5,6],[4,4,5,5,6],[4,4,5,5,6],[4,4,5,5,6],[4,4,5,5,6],[4,4,5,5,6],[4,4,5,5,6],[4,4,5,5,6]]},{"difficultyID":"5.2","isBoss":false,"id":58,"resId":1,"enemy":[[4,4,5,5,6],[4,4,5,5,6],[4,4,5,5,6],[4,4,5,5,6],[4,4,5,5,6],[4,4,5,5,6],[4,4,5,5,6],[4,4,5,5,6],[4,4,5,5,6],[4,4,5,5,6],[4,4,5,5,6],[4,4,5,5,6],[4,4,5,5,6],[4,4,5,5,6],[4,4,5,5,6]]},{"difficultyID":"5.3","isBoss":false,"id":59,"resId":2,"enemy":[[4,4,5,5,6],[4,4,5,5,6],[4,4,5,5,6],[4,4,5,5,6],[4,4,5,5,6],[4,4,5,5,6],[4,4,5,5,6],[4,4,5,5,6],[4,4,5,5,6],[4,4,5,5,6],[4,4,5,5,6],[4,4,5,5,6],[4,4,5,5,6],[4,4,5,5,6],[4,4,5,5,6]]},{"difficultyID":"5.4","isBoss":true,"id":60,"resId":3,"enemy":[[4,4,5,5,6],[4,4,5,5,6],[4,4,5,5,6],[4,4,5,5,6],[4,4,5,5,6],[4,4,5,5,6],[4,4,5,5,6],[4,4,5,5,6],[4,4,5,5,6],[4,4,5,5,6],[4,4,5,5,6],[4,4,5,5,6],[4,4,5,5,6],[4,4,5,5,6],[4,4,5,5,6]]}]