[{"eff":1,"id":1,"buyGold":300,"descrNow":"一次可以发射[]只箭，可有效对敌人造成物理伤害","icon2":"jian-duochong_png","upGold":500,"effUp":1,"name":"多重箭","descr":"增加[]支箭","level":0,"icon1":"duojian_png","maxLevel":"5"},{"eff":0.05,"id":2,"buyGold":10000,"descrNow":"有[]的几率造成一箭秒杀","icon2":"jian-zhiming_png","upGold":20000,"effUp":0.01,"name":"致命箭","descr":"增加[]的几率","level":0,"icon1":"tianfu-zhiming_png","maxLevel":"5"},{"eff":0,"id":3,"buyGold":10000,"descrNow":"增加射箭范围","icon2":"tianfu-xiongzhishou_png","upGold":0,"effUp":0,"name":"熊之手","descr":"增加射箭范围","level":0,"icon1":"tianfu-liliang_png","maxLevel":"1"},{"eff":0,"id":4,"buyGold":10000,"descrNow":"增加射箭速度","icon2":"tianfu-tuzhiying_png","upGold":0,"effUp":0,"name":"兔之影","descr":"增加射箭速度","level":0,"icon1":"tianfu-tuying_png","maxLevel":"1"},{"eff":0.05,"id":5,"buyGold":30000,"descrNow":"有[]的几率造成额外伤害100","icon2":"jian-baoji_png","upGold":2000,"effUp":0.01,"name":"暴击箭","descr":"增加[]的几率","level":0,"icon1":"baoji_png","maxLevel":"5"},{"eff":10,"id":6,"buyGold":500,"descrNow":"额外金币数增加[]","icon2":"jubaopen_png","upGold":500,"effUp":5,"name":"聚宝盆","descr":"额外金币数增加[]","level":0,"icon1":"tianfu-jubaopen_png","maxLevel":"5"},{"eff":20,"id":7,"buyGold":3000,"descrNow":"增加[]点攻击伤害","icon2":"jian-chuanyang_png","upGold":5000,"effUp":10,"name":"穿杨箭","descr":"增加[]点攻击","level":0,"icon1":"chuanyang_png","maxLevel":"5"},{"eff":30,"id":8,"buyGold":5000,"descrNow":"增加[]点毒液伤害","icon2":"jian-qindu_png","upGold":10000,"effUp":10,"name":"青毒箭","descr":"增加[]点毒液伤害","level":0,"icon1":"du_png","maxLevel":"5"}]