[{"max":10,"taskType":"KILL_EMEY1","money":100,"id":1,"":"","taskName":"击杀第10个小兵"},{"max":10,"taskType":"KILL_EMEY2","money":200,"id":2,"":"","taskName":"击杀第10个小队长"},{"max":20,"taskType":"KILL_EMEY3","money":200,"id":3,"":"","taskName":"击杀第20个中队长"},{"max":30,"taskType":"KILL_EMEY4","money":200,"id":4,"":"","taskName":"击杀第30个大队长"},{"max":100,"taskType":"KILL_EMEY1","money":2000,"id":5,"":"","taskName":"击杀100个小兵"},{"max":100,"taskType":"KILL_EMEY2","money":1000,"id":6,"":"","taskName":"击杀第100个小队长"},{"max":200,"taskType":"KILL_EMEY3","money":2000,"id":7,"":"","taskName":"击杀第200个中队长"},{"max":300,"taskType":"KILL_EMEY4","money":5000,"id":8,"":"","taskName":"击杀第300个大队长"},{"max":100,"taskType":"KILL_EMEY5","money":10000,"id":9,"":"","taskName":"击杀第100个参谋"},{"max":1,"taskType":"KILL_EMEY6","money":50000,"id":10,"":"","taskName":"击杀boss"},{"max":3,"taskType":"KILL_EMEY6","money":40000,"id":11,"":"","taskName":"击杀boss3次"},{"max":10,"taskType":"USE_SKILL","money":2000,"id":12,"":"","taskName":"使用10次技能"},{"max":3,"taskType":"LEARN_SKILL_TYPE","money":1000,"id":13,"":"","taskName":"升级三种天赋技能"},{"max":1,"taskType":"LosLevel_COUNT","money":100,"id":14,"":"","taskName":"第一次失败"},{"max":10,"taskType":"USE_SKILL2","money":3000,"id":15,"":"","taskName":"完成10次一箭毙命"},{"max":10,"taskType":"USE_SKILL5","money":1000,"id":16,"":"","taskName":"完成10次暴击"},{"max":20,"taskType":"USE_SKILL5","money":2000,"id":17,"":"","taskName":"完成20次暴击"},{"max":10,"taskType":"WinLevel_COUNT","money":500,"id":18,"":"","taskName":"通过第10关"},{"max":30,"taskType":"STAR","money":300,"id":19,"":"","taskName":"获得30颗星"},{"max":100,"taskType":"STAR","money":2000,"id":20,"":"","taskName":"获得100颗星"},{"max":30,"taskType":"WinLevel_COUNT","money":500,"id":21,"":"","taskName":"打开30次宝箱"},{"max":1,"taskType":"WinLevel_COUNT","money":100,"id":22,"":"","taskName":"通过第一关"},{"max":30,"taskType":"WinLevel_COUNT","money":1000,"id":23,"":"","taskName":"通过30关"},{"max":60,"taskType":"WinLevel_COUNT","money":3000,"id":24,"":"","taskName":"通过60关"},{"max":60,"taskType":"WinLevel_COUNT","money":500,"id":25,"":"","taskName":"打开60次宝箱"},{"max":5,"taskType":"SKILL_LEVEL6","money":1000,"id":26,"":"","taskName":"升级额外金币技能到顶级"},{"max":5,"taskType":"SKILL_LEVEL1","money":3000,"id":27,"":"","taskName":"升级多重箭技能到顶级"},{"max":5,"taskType":"SKILL_LEVEL2","money":3000,"id":28,"":"","taskName":"升级致命箭技能到顶级"},{"max":5,"taskType":"SKILL_LEVEL5","money":5000,"id":29,"":"","taskName":"升级暴击箭技能到顶级"}]