﻿<?xml version="1.0" encoding="UTF-16"?>
<TextureAtlas imagePath="graphics.png">
	<!-- Created with Adobe Flash CS6 version 12.0.0.481 -->
	<!-- http://www.adobe.com/products/flash.html -->
	<SubTexture name="bestScore образец 10000" x="391" y="358" width="84" height="48"/>
	<SubTexture name="blockCorner_0 образец 10000" x="519" y="326" width="85" height="48"/>
	<SubTexture name="blockCorner_0 образец 10001" x="862" y="332" width="85" height="48"/>
	<SubTexture name="blockCorner_1 образец 10000" x="605" y="334" width="85" height="48"/>
	<SubTexture name="blockCorner_1 образец 10001" x="775" y="336" width="85" height="48"/>
	<SubTexture name="blockCorner_2 образец 10000" x="62" y="340" width="85" height="48"/>
	<SubTexture name="blockCorner_2 образец 10001" x="148" y="340" width="85" height="48"/>
	<SubTexture name="block_0 образец 10000" x="630" y="3" width="86" height="99" frameX="0" frameY="0" frameWidth="86" frameHeight="123"/>
	<SubTexture name="block_0 образец 10001" x="717" y="3" width="86" height="99" frameX="0" frameY="0" frameWidth="86" frameHeight="123"/>
	<SubTexture name="block_0 образец 10002" x="108" y="3" width="86" height="123"/>
	<SubTexture name="block_0 образец 10003" x="195" y="3" width="86" height="123"/>
	<SubTexture name="block_1 образец 10000" x="895" y="3" width="86" height="98" frameX="0" frameY="0" frameWidth="86" frameHeight="122"/>
	<SubTexture name="block_1 образец 10001" x="804" y="98" width="86" height="98" frameX="0" frameY="0" frameWidth="86" frameHeight="122"/>
	<SubTexture name="block_1 образец 10002" x="282" y="3" width="86" height="122"/>
	<SubTexture name="block_1 образец 10003" x="369" y="3" width="86" height="122"/>
	<SubTexture name="block_2 образец 10000" x="891" y="102" width="86" height="98" frameX="0" frameY="0" frameWidth="86" frameHeight="122"/>
	<SubTexture name="block_2 образец 10001" x="630" y="103" width="86" height="98" frameX="0" frameY="0" frameWidth="86" frameHeight="122"/>
	<SubTexture name="block_2 образец 10002" x="456" y="3" width="86" height="122"/>
	<SubTexture name="block_2 образец 10003" x="543" y="3" width="86" height="122"/>
	<SubTexture name="enemy образец 10000" x="289" y="431" width="65" height="55" frameX="-4" frameY="-17" frameWidth="75" frameHeight="76"/>
	<SubTexture name="enemy образец 10001" x="435" y="444" width="64" height="55" frameX="-4" frameY="-16" frameWidth="75" frameHeight="76"/>
	<SubTexture name="enemy образец 10002" x="691" y="352" width="57" height="69" frameX="-8" frameY="0" frameWidth="75" frameHeight="76"/>
	<SubTexture name="enemy образец 10003" x="662" y="422" width="55" height="66" frameX="-8" frameY="-3" frameWidth="75" frameHeight="76"/>
	<SubTexture name="enemy образец 10004" x="88" y="221" width="74" height="64" frameX="0" frameY="-11" frameWidth="75" frameHeight="76"/>
	<SubTexture name="enemy образец 10005" x="555" y="126" width="73" height="73" frameX="-2" frameY="-3" frameWidth="75" frameHeight="76"/>
	<SubTexture name="hero образец 10000" x="970" y="467" width="48" height="66" frameX="-17" frameY="-13" frameWidth="76" frameHeight="82"/>
	<SubTexture name="hero образец 10001" x="355" y="474" width="48" height="61" frameX="-17" frameY="-18" frameWidth="76" frameHeight="82"/>
	<SubTexture name="hero образец 10002" x="113" y="458" width="53" height="64" frameX="-15" frameY="-15" frameWidth="76" frameHeight="82"/>
	<SubTexture name="hero образец 10003" x="319" y="365" width="59" height="65" frameX="-9" frameY="-15" frameWidth="76" frameHeight="82"/>
	<SubTexture name="hero образец 10004" x="773" y="452" width="53" height="65" frameX="-15" frameY="-14" frameWidth="76" frameHeight="82"/>
	<SubTexture name="hero образец 10005" x="173" y="454" width="53" height="65" frameX="-15" frameY="-14" frameWidth="76" frameHeight="82"/>
	<SubTexture name="hero образец 10006" x="3" y="357" width="56" height="68" frameX="-13" frameY="-12" frameWidth="76" frameHeight="82"/>
	<SubTexture name="hero образец 10007" x="334" y="285" width="56" height="79" frameX="-13" frameY="-1" frameWidth="76" frameHeight="82"/>
	<SubTexture name="hero образец 10008" x="588" y="448" width="54" height="64" frameX="-14" frameY="-15" frameWidth="76" frameHeight="82"/>
	<SubTexture name="hero образец 10009" x="718" y="452" width="54" height="64" frameX="-14" frameY="-15" frameWidth="76" frameHeight="82"/>
	<SubTexture name="hero образец 10010" x="379" y="407" width="55" height="66" frameX="-14" frameY="-13" frameWidth="76" frameHeight="82"/>
	<SubTexture name="hero образец 10011" x="749" y="385" width="57" height="66" frameX="-12" frameY="-14" frameWidth="76" frameHeight="82"/>
	<SubTexture name="hero образец 10012" x="3" y="426" width="56" height="64" frameX="-13" frameY="-15" frameWidth="76" frameHeight="82"/>
	<SubTexture name="hero образец 10013" x="261" y="287" width="65" height="64" frameX="-4" frameY="-15" frameWidth="76" frameHeight="82"/>
	<SubTexture name="hero образец 10014" x="861" y="381" width="59" height="64" frameX="-12" frameY="-16" frameWidth="76" frameHeight="82"/>
	<SubTexture name="hero образец 10015" x="602" y="383" width="59" height="64" frameX="-12" frameY="-16" frameWidth="76" frameHeight="82"/>
	<SubTexture name="hero образец 10016" x="227" y="467" width="55" height="61" frameX="-13" frameY="-19" frameWidth="76" frameHeight="82"/>
	<SubTexture name="hero образец 10017" x="232" y="401" width="56" height="65" frameX="-14" frameY="-14" frameWidth="76" frameHeight="82"/>
	<SubTexture name="hero образец 10018" x="60" y="457" width="52" height="66" frameX="-15" frameY="-14" frameWidth="76" frameHeight="82"/>
	<SubTexture name="hero образец 10019" x="807" y="385" width="53" height="66" frameX="-14" frameY="-14" frameWidth="76" frameHeight="82"/>
	<SubTexture name="hero образец 10020" x="716" y="272" width="58" height="79" frameX="-12" frameY="0" frameWidth="76" frameHeight="82"/>
	<SubTexture name="hero образец 10021" x="3" y="277" width="58" height="79" frameX="-12" frameY="-1" frameWidth="76" frameHeight="82"/>
	<SubTexture name="hero образец 10022" x="476" y="375" width="56" height="68" frameX="-13" frameY="-12" frameWidth="76" frameHeight="82"/>
	<SubTexture name="hero образец 10023" x="60" y="389" width="56" height="67" frameX="-13" frameY="-12" frameWidth="76" frameHeight="82"/>
	<SubTexture name="hero образец 10024" x="117" y="389" width="55" height="68" frameX="-13" frameY="-12" frameWidth="76" frameHeight="82"/>
	<SubTexture name="hero образец 10025" x="921" y="399" width="55" height="67" frameX="-14" frameY="-12" frameWidth="76" frameHeight="82"/>
	<SubTexture name="hero образец 10026" x="261" y="219" width="72" height="67" frameX="-4" frameY="-13" frameWidth="76" frameHeight="82"/>
	<SubTexture name="hero образец 10027" x="373" y="217" width="73" height="67" frameX="-3" frameY="-12" frameWidth="76" frameHeight="82"/>
	<SubTexture name="hero образец 10028" x="642" y="202" width="73" height="78" frameX="0" frameY="-2" frameWidth="76" frameHeight="82"/>
	<SubTexture name="hero образец 10029" x="391" y="285" width="60" height="72" frameX="-8" frameY="-8" frameWidth="76" frameHeight="82"/>
	<SubTexture name="hero образец 10030" x="464" y="215" width="67" height="74" frameX="-8" frameY="-6" frameWidth="76" frameHeight="82"/>
	<SubTexture name="hero образец 10031" x="193" y="216" width="67" height="74" frameX="-6" frameY="-6" frameWidth="76" frameHeight="82"/>
	<SubTexture name="hero образец 10032" x="533" y="432" width="54" height="66" frameX="-15" frameY="-14" frameWidth="76" frameHeight="82"/>
	<SubTexture name="hero образец 10033" x="948" y="332" width="60" height="66" frameX="-9" frameY="-14" frameWidth="76" frameHeight="82"/>
	<SubTexture name="hero образец 10034" x="917" y="467" width="52" height="62" frameX="-16" frameY="-18" frameWidth="76" frameHeight="82"/>
	<SubTexture name="hero образец 10035" x="861" y="446" width="55" height="63" frameX="-11" frameY="-17" frameWidth="76" frameHeight="82"/>
	<SubTexture name="hero образец 10036" x="533" y="375" width="68" height="56" frameX="-7" frameY="-26" frameWidth="76" frameHeight="82"/>
	<SubTexture name="hero образец 10037" x="452" y="290" width="66" height="62" frameX="-9" frameY="-20" frameWidth="76" frameHeight="82"/>
	<SubTexture name="mobShadow образец 10000" x="283" y="487" width="61" height="34"/>
	<SubTexture name="money образец 10000" x="532" y="215" width="19" height="32" frameX="-2" frameY="0" frameWidth="23" frameHeight="32"/>
	<SubTexture name="money образец 10001" x="90" y="129" width="15" height="32" frameX="-4" frameY="0" frameWidth="23" frameHeight="32"/>
	<SubTexture name="money образец 10002" x="1011" y="115" width="8" height="32" frameX="-8" frameY="0" frameWidth="23" frameHeight="32"/>
	<SubTexture name="money образец 10003" x="90" y="162" width="15" height="32" frameX="-4" frameY="0" frameWidth="23" frameHeight="32"/>
	<SubTexture name="money образец 10004" x="234" y="291" width="19" height="32" frameX="-2" frameY="0" frameWidth="23" frameHeight="32"/>
	<SubTexture name="money образец 10005" x="163" y="221" width="23" height="32"/>
	<SubTexture name="money образец 10006" x="163" y="254" width="23" height="32"/>
	<SubTexture name="money образец 10007" x="862" y="287" width="23" height="32"/>
	<SubTexture name="random образец 10000" x="173" y="389" width="58" height="64"/>
	<SubTexture name="sideElement_0 образец 10000" x="373" y="126" width="90" height="90" frameX="-7" frameY="-36" frameWidth="104" frameHeight="125"/>
	<SubTexture name="sideElement_0 образец 10001" x="804" y="3" width="90" height="94" frameX="-7" frameY="-32" frameWidth="104" frameHeight="125"/>
	<SubTexture name="sideElement_0 образец 10002" x="887" y="279" width="90" height="52" frameX="-7" frameY="-74" frameWidth="104" frameHeight="125"/>
	<SubTexture name="sideElement_0 образец 10003" x="464" y="126" width="90" height="88" frameX="-7" frameY="-38" frameWidth="104" frameHeight="125"/>
	<SubTexture name="sideElement_0 образец 10004" x="3" y="3" width="104" height="125"/>
	<SubTexture name="sideElement_0 образец 10005" x="282" y="126" width="90" height="92" frameX="-7" frameY="-34" frameWidth="104" frameHeight="125"/>
	<SubTexture name="sideElement_0 образец 10006" x="619" y="281" width="90" height="52" frameX="-7" frameY="-74" frameWidth="104" frameHeight="125"/>
	<SubTexture name="sideElement_1 образец 10000" x="108" y="127" width="84" height="93" frameX="0" frameY="-1" frameWidth="84" frameHeight="94"/>
	<SubTexture name="sideElement_1 образец 10001" x="802" y="197" width="84" height="89" frameX="0" frameY="-5" frameWidth="84" frameHeight="94"/>
	<SubTexture name="sideElement_1 образец 10002" x="3" y="217" width="84" height="59" frameX="0" frameY="-35" frameWidth="84" frameHeight="94"/>
	<SubTexture name="sideElement_1 образец 10003" x="717" y="198" width="84" height="73" frameX="0" frameY="-21" frameWidth="84" frameHeight="94"/>
	<SubTexture name="sideElement_1 образец 10004" x="717" y="103" width="84" height="94"/>
	<SubTexture name="sideElement_1 образец 10005" x="62" y="286" width="84" height="52" frameX="0" frameY="-42" frameWidth="84" frameHeight="94"/>
	<SubTexture name="sideElement_1 образец 10006" x="234" y="352" width="84" height="48" frameX="0" frameY="-46" frameWidth="84" frameHeight="94"/>
	<SubTexture name="sideElement_2 образец 10000" x="3" y="129" width="86" height="87" frameX="0" frameY="-1" frameWidth="86" frameHeight="88"/>
	<SubTexture name="sideElement_2 образец 10001" x="775" y="287" width="86" height="48" frameX="0" frameY="-40" frameWidth="86" frameHeight="88"/>
	<SubTexture name="sideElement_2 образец 10002" x="555" y="202" width="86" height="67" frameX="0" frameY="-21" frameWidth="86" frameHeight="88"/>
	<SubTexture name="sideElement_2 образец 10003" x="193" y="127" width="86" height="88"/>
	<SubTexture name="sideElement_2 образец 10004" x="532" y="270" width="86" height="55" frameX="0" frameY="-33" frameWidth="86" frameHeight="88"/>
	<SubTexture name="sideElement_2 образец 10005" x="887" y="201" width="86" height="77" frameX="0" frameY="-11" frameWidth="86" frameHeight="88"/>
	<SubTexture name="sideElement_2 образец 10006" x="147" y="291" width="86" height="48" frameX="0" frameY="-40" frameWidth="86" frameHeight="88"/>
	<SubTexture name="speedUp образец 10000" x="536" y="499" width="34" height="41" frameX="-1" frameY="-7" frameWidth="36" frameHeight="55"/>
	<SubTexture name="speedUp образец 10001" x="643" y="489" width="34" height="45" frameX="-1" frameY="-5" frameWidth="36" frameHeight="55"/>
	<SubTexture name="speedUp образец 10002" x="977" y="399" width="33" height="47" frameX="-2" frameY="-4" frameWidth="36" frameHeight="55"/>
	<SubTexture name="speedUp образец 10003" x="334" y="219" width="33" height="50" frameX="-2" frameY="-2" frameWidth="36" frameHeight="55"/>
	<SubTexture name="speedUp образец 10004" x="978" y="115" width="32" height="53" frameX="-2" frameY="-1" frameWidth="36" frameHeight="55"/>
	<SubTexture name="speedUp образец 10005" x="978" y="169" width="32" height="53" frameX="-2" frameY="-1" frameWidth="36" frameHeight="55"/>
	<SubTexture name="speedUp образец 10006" x="982" y="3" width="32" height="55" frameX="-2" frameY="0" frameWidth="36" frameHeight="55"/>
	<SubTexture name="speedUp образец 10007" x="982" y="59" width="32" height="55" frameX="-2" frameY="0" frameWidth="36" frameHeight="55"/>
	<SubTexture name="speedUp образец 10008" x="974" y="223" width="33" height="49" frameX="-2" frameY="-3" frameWidth="36" frameHeight="55"/>
	<SubTexture name="speedUp образец 10009" x="678" y="489" width="34" height="45" frameX="-1" frameY="-5" frameWidth="36" frameHeight="55"/>
	<SubTexture name="speedUp образец 10010" x="404" y="500" width="35" height="39" frameX="-1" frameY="-8" frameWidth="36" frameHeight="55"/>
	<SubTexture name="speedUp образец 10011" x="435" y="407" width="36" height="34" frameX="0" frameY="-10" frameWidth="36" frameHeight="55"/>
	<SubTexture name="speedUp образец 10012" x="500" y="499" width="35" height="41" frameX="-1" frameY="-7" frameWidth="36" frameHeight="55"/>
	<SubTexture name="speedUp образец 10013" x="978" y="273" width="34" height="47" frameX="-1" frameY="-4" frameWidth="36" frameHeight="55"/>
	<SubTexture name="speedUp образец 10014" x="3" y="491" width="34" height="45" frameX="-1" frameY="-5" frameWidth="36" frameHeight="55"/>
	<SubTexture name="speedUp образец 10015" x="536" y="499" width="34" height="41" frameX="-1" frameY="-7" frameWidth="36" frameHeight="55"/>
</TextureAtlas>
