﻿<?xml version="1.0" encoding="utf-8"?>
<TextureAtlas imagePath="panels.png">
	<!-- Created with Adobe Flash Professional version 15.0.0.173 -->
	<!-- http://www.adobe.com/products/flash.html -->
	<SubTexture name="btnConfirm instance 10000" x="182" y="286" width="93" height="56"/>
	<SubTexture name="btnOk instance 10000" x="182" y="178" width="283" height="54"/>
	<SubTexture name="btnVideo instance 10000" x="277" y="286" width="93" height="56"/>
	<SubTexture name="hero instance 10000" x="460" y="503" width="48" height="61" frameX="-13" frameY="-18" frameWidth="72" frameHeight="82"/>
	<SubTexture name="hero instance 10001" x="60" y="512" width="60" height="64" frameX="-5" frameY="-15" frameWidth="72" frameHeight="82"/>
	<SubTexture name="hero instance 10002" x="282" y="560" width="53" height="66" frameX="-11" frameY="-13" frameWidth="72" frameHeight="82"/>
	<SubTexture name="hero instance 10003" x="2" y="439" width="56" height="78" frameX="-10" frameY="-1" frameWidth="72" frameHeight="82"/>
	<SubTexture name="hero instance 10004" x="92" y="617" width="53" height="64" frameX="-11" frameY="-15" frameWidth="72" frameHeight="82"/>
	<SubTexture name="hero instance 10005" x="344" y="491" width="57" height="66" frameX="-8" frameY="-13" frameWidth="72" frameHeight="82"/>
	<SubTexture name="hero instance 10006" x="217" y="439" width="66" height="64" frameX="0" frameY="-15" frameWidth="72" frameHeight="82"/>
	<SubTexture name="hero instance 10007" x="122" y="552" width="60" height="63" frameX="-8" frameY="-16" frameWidth="72" frameHeight="82"/>
	<SubTexture name="hero instance 10008" x="344" y="559" width="56" height="65" frameX="-10" frameY="-14" frameWidth="72" frameHeight="82"/>
	<SubTexture name="hero instance 10009" x="184" y="595" width="53" height="65" frameX="-11" frameY="-14" frameWidth="72" frameHeight="82"/>
	<SubTexture name="hero instance 10010" x="405" y="422" width="58" height="79" frameX="-8" frameY="0" frameWidth="72" frameHeight="82"/>
	<SubTexture name="hero instance 10011" x="285" y="491" width="57" height="67" frameX="-9" frameY="-12" frameWidth="72" frameHeight="82"/>
	<SubTexture name="hero instance 10012" x="403" y="503" width="55" height="67" frameX="-10" frameY="-12" frameWidth="72" frameHeight="82"/>
	<SubTexture name="hero instance 10013" x="331" y="422" width="72" height="67" frameX="0" frameY="-12" frameWidth="72" frameHeight="82"/>
	<SubTexture name="hero instance 10014" x="60" y="439" width="61" height="71" frameX="-4" frameY="-8" frameWidth="72" frameHeight="82"/>
	<SubTexture name="hero instance 10015" x="437" y="76" width="67" height="73" frameX="-3" frameY="-6" frameWidth="72" frameHeight="82"/>
	<SubTexture name="hero instance 10016" x="448" y="286" width="59" height="66" frameX="-6" frameY="-14" frameWidth="72" frameHeight="82"/>
	<SubTexture name="hero instance 10017" x="2" y="623" width="54" height="62" frameX="-8" frameY="-17" frameWidth="72" frameHeight="82"/>
	<SubTexture name="hero instance 10018" x="123" y="488" width="67" height="62" frameX="-5" frameY="-20" frameWidth="72" frameHeight="82"/>
	<SubTexture name="missionsBg instance 10000" x="2" y="2" width="178" height="360"/>
	<SubTexture name="missionsBtnClose instance 10000" x="2" y="519" width="49" height="49"/>
	<SubTexture name="missionsBtnLocked instance 10000" x="192" y="505" width="88" height="43"/>
	<SubTexture name="missionsBtnLocked instance 10001" x="192" y="550" width="88" height="43"/>
	<SubTexture name="missionsPanel instance 10000" x="2" y="364" width="327" height="73"/>
	<SubTexture name="missionsProgress instance 10000" x="337" y="626" width="159" height="16"/>
	<SubTexture name="modes_background instance 10000" x="182" y="2" width="326" height="72"/>
	<SubTexture name="modes_btns instance 10000" x="2" y="578" width="88" height="43" frameX="0" frameY="0" frameWidth="92" frameHeight="47"/>
	<SubTexture name="modes_btns instance 10001" x="123" y="439" width="92" height="47"/>
	<SubTexture name="modes_icons instance 10000" x="460" y="566" width="46" height="47" frameX="-2" frameY="0" frameWidth="50" frameHeight="48"/>
	<SubTexture name="modes_icons instance 10001" x="402" y="572" width="50" height="41" frameX="0" frameY="-3" frameWidth="50" frameHeight="48"/>
	<SubTexture name="modes_icons instance 10002" x="285" y="439" width="42" height="48" frameX="-4" frameY="0" frameWidth="50" frameHeight="48"/>
	<SubTexture name="money instance 10000" x="467" y="189" width="18" height="26" frameX="-2" frameY="0" frameWidth="23" frameHeight="26"/>
	<SubTexture name="money instance 10001" x="468" y="217" width="16" height="26" frameX="-3" frameY="0" frameWidth="23" frameHeight="26"/>
	<SubTexture name="money instance 10002" x="499" y="151" width="8" height="26" frameX="-7" frameY="0" frameWidth="23" frameHeight="26"/>
	<SubTexture name="money instance 10003" x="486" y="217" width="16" height="26" frameX="-3" frameY="0" frameWidth="23" frameHeight="26"/>
	<SubTexture name="money instance 10004" x="487" y="189" width="18" height="26" frameX="-2" frameY="0" frameWidth="23" frameHeight="26"/>
	<SubTexture name="money instance 10005" x="92" y="578" width="23" height="26"/>
	<SubTexture name="money instance 10006" x="483" y="354" width="22" height="26" frameX="0" frameY="0" frameWidth="23" frameHeight="26"/>
	<SubTexture name="money instance 10007" x="483" y="382" width="22" height="26" frameX="0" frameY="0" frameWidth="23" frameHeight="26"/>
	<SubTexture name="openByIcon instance 10000" x="239" y="628" width="45" height="39" frameX="0" frameY="-1" frameWidth="45" frameHeight="40"/>
	<SubTexture name="openByIcon instance 10001" x="465" y="422" width="45" height="40"/>
	<SubTexture name="openByIcon instance 10002" x="286" y="628" width="45" height="39" frameX="0" frameY="0" frameWidth="45" frameHeight="40"/>
	<SubTexture name="openByIcon instance 10003" x="465" y="464" width="32" height="34" frameX="-6" frameY="-3" frameWidth="45" frameHeight="40"/>
	<SubTexture name="openByIcon instance 10004" x="239" y="595" width="36" height="30" frameX="-4" frameY="-5" frameWidth="45" frameHeight="40"/>
	<SubTexture name="openByIcon instance 10005" x="467" y="151" width="30" height="36" frameX="-8" frameY="-2" frameWidth="45" frameHeight="40"/>
	<SubTexture name="panelHeroMiss instance 10000" x="182" y="234" width="284" height="50"/>
	<SubTexture name="panelNewHeroPod instance 10000" x="182" y="76" width="161" height="100"/>
	<SubTexture name="podOffer instance 10000" x="345" y="76" width="90" height="91"/>
	<SubTexture name="themes instance 10000" x="372" y="286" width="74" height="66"/>
	<SubTexture name="themes instance 10001" x="331" y="354" width="74" height="66"/>
	<SubTexture name="themes instance 10002" x="407" y="354" width="74" height="66"/>
</TextureAtlas>
