{
	"groups":[
	{
		"keys":"battle_bg_1_jpg,battle_bg_2_jpg,battle_bg_3_jpg,enemy_json,level_json,map_json,skill_json,task_json,enemy101_json,enemy201_json,enemy301_json,enemy401_json,enemy501_json,enemy601_json,hero_json,skill1_json,skill101_json,skill102_json,skill2_json,skill3_json,skill4_json,hurt_fnt,map_num_fnt,number1_fnt,number2_fnt,number3_fnt,number4_fnt,number5_fnt,cover_jpg,level-map_jpg,res_json,bgsound_mp3,btn_tap_mp3,hurt1_mp3,hurt2_mp3,hurt3_mp3,index_mp3,levelopen_mp3,lose_mp3,shoot_mp3,win_mp3,hp_black_png,hp_red_png,res2_json",
		"name":"preload"
	},
	{
		"keys":"cg1_jpg,cg2_jpg",
		"name":"cg"
	}],
	"resources":[
	{
		"name":"battle_bg_1_jpg",
		"type":"image",
		"url":"assets/battle/background/battle_bg_1.jpg"
	},
	{
		"name":"battle_bg_2_jpg",
		"type":"image",
		"url":"assets/battle/background/battle_bg_2.jpg"
	},
	{
		"name":"battle_bg_3_jpg",
		"type":"image",
		"url":"assets/battle/background/battle_bg_3.jpg"
	},
	{
		"name":"enemy_json",
		"type":"json",
		"url":"assets/cfg/enemy.json"
	},
	{
		"name":"level_json",
		"type":"json",
		"url":"assets/cfg/level.json"
	},
	{
		"name":"map_json",
		"type":"json",
		"url":"assets/cfg/map.json"
	},
	{
		"name":"skill_json",
		"type":"json",
		"url":"assets/cfg/skill.json"
	},
	{
		"name":"task_json",
		"type":"json",
		"url":"assets/cfg/task.json"
	},
	{
		"name":"cg1_jpg",
		"type":"image",
		"url":"assets/cg/cg1.jpg"
	},
	{
		"name":"cg2_jpg",
		"type":"image",
		"url":"assets/cg/cg2.jpg"
	},
	{
		"name":"enemy101_json",
		"type":"json",
		"url":"assets/json/enemy101.json"
	},
	{
		"name":"enemy201_json",
		"type":"json",
		"url":"assets/json/enemy201.json"
	},
	{
		"name":"enemy301_json",
		"type":"json",
		"url":"assets/json/enemy301.json"
	},
	{
		"name":"enemy401_json",
		"type":"json",
		"url":"assets/json/enemy401.json"
	},
	{
		"name":"enemy501_json",
		"type":"json",
		"url":"assets/json/enemy501.json"
	},
	{
		"name":"enemy601_json",
		"type":"json",
		"url":"assets/json/enemy601.json"
	},
	{
		"name":"hero_json",
		"type":"json",
		"url":"assets/json/hero.json"
	},
	{
		"name":"skill1_json",
		"type":"json",
		"url":"assets/json/skill1.json"
	},
	{
		"name":"skill101_json",
		"type":"json",
		"url":"assets/json/skill101.json"
	},
	{
		"name":"skill102_json",
		"type":"json",
		"url":"assets/json/skill102.json"
	},
	{
		"name":"skill2_json",
		"type":"json",
		"url":"assets/json/skill2.json"
	},
	{
		"name":"skill3_json",
		"type":"json",
		"url":"assets/json/skill3.json"
	},
	{
		"name":"skill4_json",
		"type":"json",
		"url":"assets/json/skill4.json"
	},
	{
		"name":"hurt_fnt",
		"type":"font",
		"url":"assets/number/hurt.fnt"
	},
	{
		"name":"map_num_fnt",
		"type":"font",
		"url":"assets/number/map_num.fnt"
	},
	{
		"name":"number1_fnt",
		"type":"font",
		"url":"assets/number/number1.fnt"
	},
	{
		"name":"number2_fnt",
		"type":"font",
		"url":"assets/number/number2.fnt"
	},
	{
		"name":"number3_fnt",
		"type":"font",
		"url":"assets/number/number3.fnt"
	},
	{
		"name":"number4_fnt",
		"type":"font",
		"url":"assets/number/number4.fnt"
	},
	{
		"name":"number5_fnt",
		"type":"font",
		"url":"assets/number/number5.fnt"
	},
	{
		"name":"cover_jpg",
		"type":"image",
		"url":"assets/cover.jpg"
	},
	{
		"name":"level-map_jpg",
		"type":"image",
		"url":"assets/level-map.jpg"
	},
	{
		"name":"res_json",
		"subkeys":"BuyBotton_png,GameSchedule-BOSS_png,GameSchedule-xiaoguai_png,GameSchedule_png,IconBG_png,LosePanel_png,MAX_png,NewBegain_png,Price_png,StarGame_png,TreasureBoxOpenFlash_png,TreasureBoxOpenLight_png,TreasureBoxOpen_png,TreasureBox_png,achievementBotton_png,back_map_png,back_png,baoji_png,battle_1_cloud_1_png,battle_1_cloud_2_png,battle_1_light_png,battle_2_cloud_1_png,battle_2_cloud_2_png,battle_3_cloud_1_png,battle_3_cloud_2_png,battle_3_moon_png,battle_3_star_png,brightStar_png,bullet_png,chongzhiPanel_masking_png,chongzhiPanel_png,chongzhi_png,chuanyang_png,closeMusic_png,close_png,clouds_png,countinue_png,diban1_png,diban2_png,dixguan_png,du_png,duojian_png,eff_off_png,eff_on_png,enemy101_png,enemy201_png,enemy301_png,enemy401_png,enemy501_png,enemy601_png,fanhuiGame_png,finger_png,gerenchengjiu_png,goldCoin_png,grayStar_png,guide_cir_png,gundongtiao1_png,gundongtiao_png,jian-baoji_png,jian-chuanyang_png,jian-duochong_png,jian-qindu_png,jian-zhiming_png,jiangbei_png,jineng-bomb_png,jineng-fire_png,jineng-shandian_png,jineng_ice_png,jubaopen_png,lan_png,life_png,lifebg_png,lingquGray_png,lingqu_png,lose_cola_png,m1_png,m2_png,m3_png,m4_png,m5_png,m6_png,m7_png,m8_png,manji_png,newThisLevel_png,nextLevel_png,next_png,open_level_png,pauseButton_png,pausePanel_png,recharge_png,shade_png,shengji_png,skill101_png,skill102_png,skill1_png,skill1mark_png,skill2_png,skill3_png,skill4_png,sound_off_png,sound_on_png,suoIcon_png,task_tip_png,tianfu-jubaopen_png,tianfu-liliang_png,tianfu-tuying_png,tianfu-tuzhiying_png,tianfu-xiongzhishou_png,tianfu-zhiming_png,tianfuButton_png,tianfuBuy_png,tianfuPanel_png,tianfu_png,tip_critical_png,tip_seckill_png,tips-panel_png,tipsPanel_png,tower_1_png,tower_2_png,tower_3_png,winPanel_png,yes_png",
		"type":"sheet",
		"url":"assets/res.json"
	},
	{
		"name":"bgsound_mp3",
		"type":"sound",
		"url":"assets/audio/bgsound.mp3"
	},
	{
		"name":"btn_tap_mp3",
		"type":"sound",
		"url":"assets/audio/btn_tap.mp3"
	},
	{
		"name":"hurt1_mp3",
		"type":"sound",
		"url":"assets/audio/hurt1.mp3"
	},
	{
		"name":"hurt2_mp3",
		"type":"sound",
		"url":"assets/audio/hurt2.mp3"
	},
	{
		"name":"hurt3_mp3",
		"type":"sound",
		"url":"assets/audio/hurt3.mp3"
	},
	{
		"name":"index_mp3",
		"type":"sound",
		"url":"assets/audio/index.mp3"
	},
	{
		"name":"levelopen_mp3",
		"type":"sound",
		"url":"assets/audio/levelopen.mp3"
	},
	{
		"name":"lose_mp3",
		"type":"sound",
		"url":"assets/audio/lose.mp3"
	},
	{
		"name":"shoot_mp3",
		"type":"sound",
		"url":"assets/audio/shoot.mp3"
	},
	{
		"name":"win_mp3",
		"type":"sound",
		"url":"assets/audio/win.mp3"
	},
	{
		"name":"hp_black_png",
		"type":"image",
		"url":"assets/battle/hp_black.png"
	},
	{
		"name":"hp_red_png",
		"type":"image",
		"url":"assets/battle/hp_red.png"
	},
	{
		"name":"res2_json",
		"subkeys":"BOSSIcon_png,NomalIcon_png,hero_png,skill1warn_png,skill2warn_png",
		"type":"sheet",
		"url":"assets/res2.json"
	}]
}